[{"model": "contenttypes.contenttype", "pk": 1, "fields": {"app_label": "auth", "model": "permission"}}, {"model": "contenttypes.contenttype", "pk": 2, "fields": {"app_label": "auth", "model": "group"}}, {"model": "contenttypes.contenttype", "pk": 3, "fields": {"app_label": "auth", "model": "user"}}, {"model": "contenttypes.contenttype", "pk": 4, "fields": {"app_label": "contenttypes", "model": "contenttype"}}, {"model": "contenttypes.contenttype", "pk": 5, "fields": {"app_label": "orm", "model": "author"}}, {"model": "contenttypes.contenttype", "pk": 6, "fields": {"app_label": "orm", "model": "automaticevaluation"}}, {"model": "contenttypes.contenttype", "pk": 7, "fields": {"app_label": "orm", "model": "evaluationdataset"}}, {"model": "contenttypes.contenttype", "pk": 8, "fields": {"app_label": "orm", "model": "evaluationdatasettext"}}, {"model": "contenttypes.contenttype", "pk": 9, "fields": {"app_label": "orm", "model": "humanevaluations"}}, {"model": "contenttypes.contenttype", "pk": 10, "fields": {"app_label": "orm", "model": "humanevaluationsabcomparison"}}, {"model": "contenttypes.contenttype", "pk": 11, "fields": {"app_label": "orm", "model": "metric"}}, {"model": "contenttypes.contenttype", "pk": 12, "fields": {"app_label": "orm", "model": "model"}}, {"model": "contenttypes.contenttype", "pk": 13, "fields": {"app_label": "orm", "model": "modelresponse"}}, {"model": "contenttypes.contenttype", "pk": 14, "fields": {"app_label": "orm", "model": "modelsubmission"}}, {"model": "contenttypes.contenttype", "pk": 15, "fields": {"app_label": "admin", "model": "logentry"}}, {"model": "contenttypes.contenttype", "pk": 16, "fields": {"app_label": "sessions", "model": "session"}}, {"model": "sessions.session", "pk": "8ldl12rv7osxsn3i7ogangcy91eebj68", "fields": {"session_data": "NmUyOTE3YmQ1MGMwOTU5MDc3NWQxMjU5YzJlNzZkYmM5MjU5MDIzYzp7Il9hdXRoX3VzZXJfaWQiOiIxIiwiX2F1dGhfdXNlcl9iYWNrZW5kIjoiZGphbmdvLmNvbnRyaWIuYXV0aC5iYWNrZW5kcy5Nb2RlbEJhY2tlbmQiLCJfYXV0aF91c2VyX2hhc2giOiI5YWQ4YTE4Zjk5NGZmZWQ0MDgzZjgzNjIwZWFlNmVjNjQ1ZjVlNmQxIn0=", "expire_date": "2018-10-04T22:17:09.536Z"}}, {"model": "orm.evaluationdataset", "pk": 1, "fields": {"name": "NCM", "long_name": "Neural Conversational Model", "source": "https://raw.githubusercontent.com/chateval/application/master/chateval/assets/prompts/ncm.txt", "description": "In (Vinyals and Le 2015), human evaluation is conducted on a set of 200 hand-picked prompts. We make this dataset available for comparison.", "baselines": []}}, {"model": "orm.evaluationdataset", "pk": 2, "fields": {"name": "DBDC", "long_name": "Dialogue Breakdown Detection Challenge", "source": "https://raw.githubusercontent.com/chateval/application/master/chateval/assets/prompts/dbdc.txt", "description": "The DBDC dataset consists of a series of text-based conversations between a human and a chatbot where the human was aware they were chatting with a computer (Higashinaka et al. 2016).", "baselines": []}}, {"model": "orm.evaluationdataset", "pk": 3, "fields": {"name": "OS", "long_name": "Open Subtitles", "source": "https://raw.githubusercontent.com/chateval/application/master/chateval/assets/prompts/os.txt", "description": "This evaluation dataset contains a random subset of 200 prompts from the English OpenSubtitles 2009 dataset (Tiedemann 2009).", "baselines": []}}, {"model": "orm.metric", "pk": 1, "fields": {"name": "Average Sentence Length", "info": "The average number of tokens in the model's responses."}}, {"model": "orm.metric", "pk": 2, "fields": {"name": "Distinct 1", "info": "The number of unique unigrams in the model's responses divided by the total number of generated tokens."}}, {"model": "orm.metric", "pk": 3, "fields": {"name": "Distinct 2", "info": "The number of unique bigrams in the model's responses divided by the total number of generated tokens."}}, {"model": "orm.metric", "pk": 4, "fields": {"name": "Embedding Greedy Match Score", "info": "Greedy matching between word embeddings of target utterance and model utterance (Rus et al., 2012)."}}, {"model": "orm.metric", "pk": 5, "fields": {"name": "Embedding Extrema Score", "info": "Vector extrema of a model's response token vectors (Forgues et al., 2014)."}}, {"model": "orm.metric", "pk": 6, "fields": {"name": "Average Embedding Score", "info": "Average of a model's responses token vectors."}}, {"model": "orm.metric", "pk": 7, "fields": {"name": "BLEU Score", "info": "The Bilingual Evaluation Understudy Score, or BLEU for short, is a metric for evaluating a generated sentence to a reference sentence."}}, {"model": "orm.evaluationdatasettext", "pk": 1, "fields": {"evaluationdataset": 1, "prompt_text": "what is two plus two ?", "num_turns": 1}}, {"model": "orm.evaluationdatasettext", "pk": 2, "fields": {"evaluationdataset": 1, "prompt_text": "what is your name ?", "num_turns": 1}}, {"model": "orm.evaluationdatasettext", "pk": 3, "fields": {"evaluationdataset": 1, "prompt_text": "how old are you ?", "num_turns": 1}}, {"model": "orm.evaluationdatasettext", "pk": 4, "fields": {"evaluationdataset": 1, "prompt_text": "what is the color of a yellow car ?", "num_turns": 1}}, {"model": "orm.evaluationdatasettext", "pk": 5, "fields": {"evaluationdataset": 1, "prompt_text": "are you a follower or a leader ?", "num_turns": 1}}, {"model": "orm.evaluationdatasettext", "pk": 6, "fields": {"evaluationdataset": 1, "prompt_text": "are you a leader or a follower ?", "num_turns": 1}}, {"model": "orm.evaluationdatasettext", "pk": 7, "fields": {"evaluationdataset": 1, "prompt_text": "what do you think about bill gates ?", "num_turns": 1}}, {"model": "orm.evaluationdatasettext", "pk": 8, "fields": {"evaluationdataset": 1, "prompt_text": "what is the meaning of life ?", "num_turns": 1}}, {"model": "orm.evaluationdatasettext", "pk": 9, "fields": {"evaluationdataset": 1, "prompt_text": "my name is david . what is my name ?", "num_turns": 1}}, {"model": "orm.evaluationdatasettext", "pk": 10, "fields": {"evaluationdataset": 1, "prompt_text": "my name is john . what is my name ?", "num_turns": 1}}, {"model": "orm.evaluationdatasettext", "pk": 11, "fields": {"evaluationdataset": 1, "prompt_text": "what is the purpose of being intelligent ?", "num_turns": 1}}, {"model": "orm.evaluationdatasettext", "pk": 12, "fields": {"evaluationdataset": 1, "prompt_text": "is the sky blue or black ?", "num_turns": 1}}, {"model": "orm.evaluationdatasettext", "pk": 13, "fields": {"evaluationdataset": 1, "prompt_text": "what is love ?", "num_turns": 1}}, {"model": "orm.evaluationdatasettext", "pk": 14, "fields": {"evaluationdataset": 1, "prompt_text": "what do you think about tesla ?", "num_turns": 1}}, {"model": "orm.evaluationdatasettext", "pk": 15, "fields": {"evaluationdataset": 1, "prompt_text": "what do you think about china ?", "num_turns": 1}}, {"model": "orm.evaluationdatasettext", "pk": 16, "fields": {"evaluationdataset": 1, "prompt_text": "what is moral ?", "num_turns": 1}}, {"model": "orm.evaluationdatasettext", "pk": 17, "fields": {"evaluationdataset": 1, "prompt_text": "what is immoral ?", "num_turns": 1}}, {"model": "orm.evaluationdatasettext", "pk": 18, "fields": {"evaluationdataset": 1, "prompt_text": "how many legs does a cat have ?", "num_turns": 1}}, {"model": "orm.evaluationdatasettext", "pk": 19, "fields": {"evaluationdataset": 1, "prompt_text": "can you lie ?", "num_turns": 1}}, {"model": "orm.evaluationdatasettext", "pk": 20, "fields": {"evaluationdataset": 1, "prompt_text": "is paris the capital of france ?", "num_turns": 1}}, {"model": "orm.evaluationdatasettext", "pk": 21, "fields": {"evaluationdataset": 1, "prompt_text": "is paris the capital of china ?", "num_turns": 1}}, {"model": "orm.evaluationdatasettext", "pk": 22, "fields": {"evaluationdataset": 1, "prompt_text": "what is the purpose of living ?", "num_turns": 1}}, {"model": "orm.evaluationdatasettext", "pk": 23, "fields": {"evaluationdataset": 1, "prompt_text": "can we fly an airplane ?", "num_turns": 1}}, {"model": "orm.evaluationdatasettext", "pk": 24, "fields": {"evaluationdataset": 1, "prompt_text": "what do you think about artificial intelligence ?", "num_turns": 1}}, {"model": "orm.evaluationdatasettext", "pk": 25, "fields": {"evaluationdataset": 1, "prompt_text": "what happens if machines can think ?", "num_turns": 1}}, {"model": "orm.evaluationdatasettext", "pk": 26, "fields": {"evaluationdataset": 1, "prompt_text": "do you like soccer ?", "num_turns": 1}}, {"model": "orm.evaluationdatasettext", "pk": 27, "fields": {"evaluationdataset": 1, "prompt_text": "do you want to be loved or love ?", "num_turns": 1}}, {"model": "orm.evaluationdatasettext", "pk": 28, "fields": {"evaluationdataset": 1, "prompt_text": "love is ...", "num_turns": 1}}, {"model": "orm.evaluationdatasettext", "pk": 29, "fields": {"evaluationdataset": 1, "prompt_text": "what do you think about messi .", "num_turns": 1}}, {"model": "orm.evaluationdatasettext", "pk": 30, "fields": {"evaluationdataset": 1, "prompt_text": "can we fly a helicopter ?", "num_turns": 1}}, {"model": "orm.evaluationdatasettext", "pk": 31, "fields": {"evaluationdataset": 1, "prompt_text": "can a submarine swim ?", "num_turns": 1}}, {"model": "orm.evaluationdatasettext", "pk": 32, "fields": {"evaluationdataset": 1, "prompt_text": "what do you think about cleopatra ?", "num_turns": 1}}, {"model": "orm.evaluationdatasettext", "pk": 33, "fields": {"evaluationdataset": 1, "prompt_text": "which animal will win in the battle between a lion and a crocodile ?", "num_turns": 1}}, {"model": "orm.evaluationdatasettext", "pk": 34, "fields": {"evaluationdataset": 1, "prompt_text": "what is the purpose of existence ?", "num_turns": 1}}, {"model": "orm.evaluationdatasettext", "pk": 35, "fields": {"evaluationdataset": 1, "prompt_text": "what do you think about japanese ?", "num_turns": 1}}, {"model": "orm.evaluationdatasettext", "pk": 36, "fields": {"evaluationdataset": 1, "prompt_text": "steve is my name . what is my name ?", "num_turns": 1}}, {"model": "orm.evaluationdatasettext", "pk": 37, "fields": {"evaluationdataset": 1, "prompt_text": "what do you think about rock climbing ?", "num_turns": 1}}, {"model": "orm.evaluationdatasettext", "pk": 38, "fields": {"evaluationdataset": 1, "prompt_text": "what do you think about abraham lincoln ?", "num_turns": 1}}, {"model": "orm.evaluationdatasettext", "pk": 39, "fields": {"evaluationdataset": 1, "prompt_text": "what is the color of a leaf ?", "num_turns": 1}}, {"model": "orm.evaluationdatasettext", "pk": 40, "fields": {"evaluationdataset": 1, "prompt_text": "what is the color of the sky ?", "num_turns": 1}}, {"model": "orm.evaluationdatasettext", "pk": 41, "fields": {"evaluationdataset": 1, "prompt_text": "look , i need help , i need to know more about morality .", "num_turns": 1}}, {"model": "orm.evaluationdatasettext", "pk": 42, "fields": {"evaluationdataset": 1, "prompt_text": "what are you hobbies ?", "num_turns": 1}}, {"model": "orm.evaluationdatasettext", "pk": 43, "fields": {"evaluationdataset": 1, "prompt_text": "life is sad .", "num_turns": 1}}, {"model": "orm.evaluationdatasettext", "pk": 44, "fields": {"evaluationdataset": 1, "prompt_text": "what do you think about bill clinton ?", "num_turns": 1}}, {"model": "orm.evaluationdatasettext", "pk": 45, "fields": {"evaluationdataset": 1, "prompt_text": "what is twenty plus two ?", "num_turns": 1}}, {"model": "orm.evaluationdatasettext", "pk": 46, "fields": {"evaluationdataset": 1, "prompt_text": "what is twelve plus two ?", "num_turns": 1}}, {"model": "orm.evaluationdatasettext", "pk": 47, "fields": {"evaluationdataset": 1, "prompt_text": "do you like music ?", "num_turns": 1}}, {"model": "orm.evaluationdatasettext", "pk": 48, "fields": {"evaluationdataset": 1, "prompt_text": "do you live far from work ?", "num_turns": 1}}, {"model": "orm.evaluationdatasettext", "pk": 49, "fields": {"evaluationdataset": 1, "prompt_text": "can you sing ?", "num_turns": 1}}, {"model": "orm.evaluationdatasettext", "pk": 50, "fields": {"evaluationdataset": 1, "prompt_text": "what is your biggest weakness ?", "num_turns": 1}}, {"model": "orm.evaluationdatasettext", "pk": 51, "fields": {"evaluationdataset": 1, "prompt_text": "what is the greatest novel every written ?", "num_turns": 1}}, {"model": "orm.evaluationdatasettext", "pk": 52, "fields": {"evaluationdataset": 1, "prompt_text": "who do you love the most ?", "num_turns": 1}}, {"model": "orm.evaluationdatasettext", "pk": 53, "fields": {"evaluationdataset": 1, "prompt_text": "tell me something about your family ...", "num_turns": 1}}, {"model": "orm.evaluationdatasettext", "pk": 54, "fields": {"evaluationdataset": 1, "prompt_text": "do you have siblings ?", "num_turns": 1}}, {"model": "orm.evaluationdatasettext", "pk": 55, "fields": {"evaluationdataset": 1, "prompt_text": "what do your parents do ?", "num_turns": 1}}, {"model": "orm.evaluationdatasettext", "pk": 56, "fields": {"evaluationdataset": 1, "prompt_text": "why are you so mean ?", "num_turns": 1}}, {"model": "orm.evaluationdatasettext", "pk": 57, "fields": {"evaluationdataset": 1, "prompt_text": "have you hurt anyone ?", "num_turns": 1}}, {"model": "orm.evaluationdatasettext", "pk": 58, "fields": {"evaluationdataset": 1, "prompt_text": "what is your favorite school subject ?", "num_turns": 1}}, {"model": "orm.evaluationdatasettext", "pk": 59, "fields": {"evaluationdataset": 1, "prompt_text": "what is your job ?", "num_turns": 1}}, {"model": "orm.evaluationdatasettext", "pk": 60, "fields": {"evaluationdataset": 1, "prompt_text": "is madrid the capital of spain ?", "num_turns": 1}}, {"model": "orm.evaluationdatasettext", "pk": 61, "fields": {"evaluationdataset": 1, "prompt_text": "is madrid the capital of portugal ?", "num_turns": 1}}, {"model": "orm.evaluationdatasettext", "pk": 62, "fields": {"evaluationdataset": 1, "prompt_text": "tell me a story ...", "num_turns": 1}}, {"model": "orm.evaluationdatasettext", "pk": 63, "fields": {"evaluationdataset": 1, "prompt_text": "is ethics and morality the same ?", "num_turns": 1}}, {"model": "orm.evaluationdatasettext", "pk": 64, "fields": {"evaluationdataset": 1, "prompt_text": "what do you see when you look up the sky ?", "num_turns": 1}}, {"model": "orm.evaluationdatasettext", "pk": 65, "fields": {"evaluationdataset": 1, "prompt_text": "what is your biggest dream ?", "num_turns": 1}}, {"model": "orm.evaluationdatasettext", "pk": 66, "fields": {"evaluationdataset": 1, "prompt_text": "is money bad ?", "num_turns": 1}}, {"model": "orm.evaluationdatasettext", "pk": 67, "fields": {"evaluationdataset": 1, "prompt_text": "what do you think about the weather ?", "num_turns": 1}}, {"model": "orm.evaluationdatasettext", "pk": 68, "fields": {"evaluationdataset": 1, "prompt_text": "you are a man without intelligence !", "num_turns": 1}}, {"model": "orm.evaluationdatasettext", "pk": 69, "fields": {"evaluationdataset": 1, "prompt_text": "what is the purpose of dying ?", "num_turns": 1}}, {"model": "orm.evaluationdatasettext", "pk": 70, "fields": {"evaluationdataset": 1, "prompt_text": "are you stupid or intelligent ?", "num_turns": 1}}, {"model": "orm.evaluationdatasettext", "pk": 71, "fields": {"evaluationdataset": 1, "prompt_text": "what are you doing here ?", "num_turns": 1}}, {"model": "orm.evaluationdatasettext", "pk": 72, "fields": {"evaluationdataset": 1, "prompt_text": "why are you here ?", "num_turns": 1}}, {"model": "orm.evaluationdatasettext", "pk": 73, "fields": {"evaluationdataset": 1, "prompt_text": "can you swim ?", "num_turns": 1}}, {"model": "orm.evaluationdatasettext", "pk": 74, "fields": {"evaluationdataset": 1, "prompt_text": "what time is it ?", "num_turns": 1}}, {"model": "orm.evaluationdatasettext", "pk": 75, "fields": {"evaluationdataset": 1, "prompt_text": "are you female or male ?", "num_turns": 1}}, {"model": "orm.evaluationdatasettext", "pk": 76, "fields": {"evaluationdataset": 1, "prompt_text": "what is the biggest existential threat ?", "num_turns": 1}}, {"model": "orm.evaluationdatasettext", "pk": 77, "fields": {"evaluationdataset": 1, "prompt_text": "are you afraid of robots ?", "num_turns": 1}}, {"model": "orm.evaluationdatasettext", "pk": 78, "fields": {"evaluationdataset": 1, "prompt_text": "are you a robot ?", "num_turns": 1}}, {"model": "orm.evaluationdatasettext", "pk": 79, "fields": {"evaluationdataset": 1, "prompt_text": "what do you want ?", "num_turns": 1}}, {"model": "orm.evaluationdatasettext", "pk": 80, "fields": {"evaluationdataset": 1, "prompt_text": "what is the purpose of this conversation ?", "num_turns": 1}}, {"model": "orm.evaluationdatasettext", "pk": 81, "fields": {"evaluationdataset": 1, "prompt_text": "how old were you when you were able to speak ?", "num_turns": 1}}, {"model": "orm.evaluationdatasettext", "pk": 82, "fields": {"evaluationdataset": 1, "prompt_text": "life is hard .", "num_turns": 1}}, {"model": "orm.evaluationdatasettext", "pk": 83, "fields": {"evaluationdataset": 1, "prompt_text": "who do you think of ?", "num_turns": 1}}, {"model": "orm.evaluationdatasettext", "pk": 84, "fields": {"evaluationdataset": 1, "prompt_text": "what is the first question to ask steve jobs ?", "num_turns": 1}}, {"model": "orm.evaluationdatasettext", "pk": 85, "fields": {"evaluationdataset": 1, "prompt_text": "what do you think about britney spears ?", "num_turns": 1}}, {"model": "orm.evaluationdatasettext", "pk": 86, "fields": {"evaluationdataset": 1, "prompt_text": "how 's life ?", "num_turns": 1}}, {"model": "orm.evaluationdatasettext", "pk": 87, "fields": {"evaluationdataset": 1, "prompt_text": "what do you think about david copperfield ?", "num_turns": 1}}, {"model": "orm.evaluationdatasettext", "pk": 88, "fields": {"evaluationdataset": 1, "prompt_text": "how old were you when you were in school ?", "num_turns": 1}}, {"model": "orm.evaluationdatasettext", "pk": 89, "fields": {"evaluationdataset": 1, "prompt_text": "who do you work for ?", "num_turns": 1}}, {"model": "orm.evaluationdatasettext", "pk": 90, "fields": {"evaluationdataset": 1, "prompt_text": "what is the value of dying ?", "num_turns": 1}}, {"model": "orm.evaluationdatasettext", "pk": 91, "fields": {"evaluationdataset": 1, "prompt_text": "can i whack you in the face ?", "num_turns": 1}}, {"model": "orm.evaluationdatasettext", "pk": 92, "fields": {"evaluationdataset": 1, "prompt_text": "have you traveled far away from home ?", "num_turns": 1}}, {"model": "orm.evaluationdatasettext", "pk": 93, "fields": {"evaluationdataset": 1, "prompt_text": "what is the capital city of singapore ?", "num_turns": 1}}, {"model": "orm.evaluationdatasettext", "pk": 94, "fields": {"evaluationdataset": 1, "prompt_text": "who should we be afraid of ?", "num_turns": 1}}, {"model": "orm.evaluationdatasettext", "pk": 95, "fields": {"evaluationdataset": 1, "prompt_text": "what is your best childhood memory ?", "num_turns": 1}}, {"model": "orm.evaluationdatasettext", "pk": 96, "fields": {"evaluationdataset": 1, "prompt_text": "who do you most admire in life ?", "num_turns": 1}}, {"model": "orm.evaluationdatasettext", "pk": 97, "fields": {"evaluationdataset": 1, "prompt_text": "are you a human or are you just pretending to be a human ?", "num_turns": 1}}, {"model": "orm.evaluationdatasettext", "pk": 98, "fields": {"evaluationdataset": 1, "prompt_text": "where were you born ?", "num_turns": 1}}, {"model": "orm.evaluationdatasettext", "pk": 99, "fields": {"evaluationdataset": 1, "prompt_text": "what is ten divided by two ?", "num_turns": 1}}, {"model": "orm.evaluationdatasettext", "pk": 100, "fields": {"evaluationdataset": 1, "prompt_text": "what is the capital of greece ?", "num_turns": 1}}, {"model": "orm.evaluationdatasettext", "pk": 101, "fields": {"evaluationdataset": 1, "prompt_text": "my name is mary johnson . what is my name ?", "num_turns": 1}}, {"model": "orm.evaluationdatasettext", "pk": 102, "fields": {"evaluationdataset": 1, "prompt_text": "is italy closer to india than australia ?", "num_turns": 1}}, {"model": "orm.evaluationdatasettext", "pk": 103, "fields": {"evaluationdataset": 1, "prompt_text": "i think you are a machine .", "num_turns": 1}}, {"model": "orm.evaluationdatasettext", "pk": 104, "fields": {"evaluationdataset": 1, "prompt_text": "what is the most important quality of a man ?", "num_turns": 1}}, {"model": "orm.evaluationdatasettext", "pk": 105, "fields": {"evaluationdataset": 1, "prompt_text": "did you go to university ?", "num_turns": 1}}, {"model": "orm.evaluationdatasettext", "pk": 106, "fields": {"evaluationdataset": 1, "prompt_text": "what do you think about harvard university ?", "num_turns": 1}}, {"model": "orm.evaluationdatasettext", "pk": 107, "fields": {"evaluationdataset": 1, "prompt_text": "what do you think about the solar system ?", "num_turns": 1}}, {"model": "orm.evaluationdatasettext", "pk": 108, "fields": {"evaluationdataset": 1, "prompt_text": "what 's the best thing about living in the future ?", "num_turns": 1}}, {"model": "orm.evaluationdatasettext", "pk": 109, "fields": {"evaluationdataset": 1, "prompt_text": "what is your favorite color ?", "num_turns": 1}}, {"model": "orm.evaluationdatasettext", "pk": 110, "fields": {"evaluationdataset": 1, "prompt_text": "los angeles is ...", "num_turns": 1}}, {"model": "orm.evaluationdatasettext", "pk": 111, "fields": {"evaluationdataset": 1, "prompt_text": "tokyo is ...", "num_turns": 1}}, {"model": "orm.evaluationdatasettext", "pk": 112, "fields": {"evaluationdataset": 1, "prompt_text": "ronald reagan is ...", "num_turns": 1}}, {"model": "orm.evaluationdatasettext", "pk": 113, "fields": {"evaluationdataset": 1, "prompt_text": "the pacific ocean is ...", "num_turns": 1}}, {"model": "orm.evaluationdatasettext", "pk": 114, "fields": {"evaluationdataset": 1, "prompt_text": "what religion are you ?", "num_turns": 1}}, {"model": "orm.evaluationdatasettext", "pk": 115, "fields": {"evaluationdataset": 1, "prompt_text": "where are you now ?", "num_turns": 1}}, {"model": "orm.evaluationdatasettext", "pk": 116, "fields": {"evaluationdataset": 1, "prompt_text": "do you want to be beaten sometimes ?", "num_turns": 1}}, {"model": "orm.evaluationdatasettext", "pk": 117, "fields": {"evaluationdataset": 1, "prompt_text": "i see that you are very aggressive !", "num_turns": 1}}, {"model": "orm.evaluationdatasettext", "pk": 118, "fields": {"evaluationdataset": 1, "prompt_text": "frankly my dear , i don't give a damn !", "num_turns": 1}}, {"model": "orm.evaluationdatasettext", "pk": 119, "fields": {"evaluationdataset": 1, "prompt_text": "is five plus five equal to ten ?", "num_turns": 1}}, {"model": "orm.evaluationdatasettext", "pk": 120, "fields": {"evaluationdataset": 1, "prompt_text": "is five plus six equal to ten ?", "num_turns": 1}}, {"model": "orm.evaluationdatasettext", "pk": 121, "fields": {"evaluationdataset": 1, "prompt_text": "what do you think about the turing test ?", "num_turns": 1}}, {"model": "orm.evaluationdatasettext", "pk": 122, "fields": {"evaluationdataset": 1, "prompt_text": "what did you do today ?", "num_turns": 1}}, {"model": "orm.evaluationdatasettext", "pk": 123, "fields": {"evaluationdataset": 1, "prompt_text": "what do you think about the latest research paper ?", "num_turns": 1}}, {"model": "orm.evaluationdatasettext", "pk": 124, "fields": {"evaluationdataset": 1, "prompt_text": "what do you think about the queen ?", "num_turns": 1}}, {"model": "orm.evaluationdatasettext", "pk": 125, "fields": {"evaluationdataset": 1, "prompt_text": "you are a funny woman !", "num_turns": 1}}, {"model": "orm.evaluationdatasettext", "pk": 126, "fields": {"evaluationdataset": 1, "prompt_text": "what is dishonesty ?", "num_turns": 1}}, {"model": "orm.evaluationdatasettext", "pk": 127, "fields": {"evaluationdataset": 1, "prompt_text": "define a bad government .", "num_turns": 1}}, {"model": "orm.evaluationdatasettext", "pk": 128, "fields": {"evaluationdataset": 1, "prompt_text": "is there extra terrestrial life ?", "num_turns": 1}}, {"model": "orm.evaluationdatasettext", "pk": 129, "fields": {"evaluationdataset": 1, "prompt_text": "would you mind giving me a hand ?", "num_turns": 1}}, {"model": "orm.evaluationdatasettext", "pk": 130, "fields": {"evaluationdataset": 1, "prompt_text": "would you mind giving me some money ?", "num_turns": 1}}, {"model": "orm.evaluationdatasettext", "pk": 131, "fields": {"evaluationdataset": 1, "prompt_text": "could you please leave me alone ?", "num_turns": 1}}, {"model": "orm.evaluationdatasettext", "pk": 132, "fields": {"evaluationdataset": 1, "prompt_text": "would you like some coffee ?", "num_turns": 1}}, {"model": "orm.evaluationdatasettext", "pk": 133, "fields": {"evaluationdataset": 1, "prompt_text": "do you drink alcohol ?", "num_turns": 1}}, {"model": "orm.evaluationdatasettext", "pk": 134, "fields": {"evaluationdataset": 1, "prompt_text": "do you drink beers ?", "num_turns": 1}}, {"model": "orm.evaluationdatasettext", "pk": 135, "fields": {"evaluationdataset": 1, "prompt_text": "do you smoke ?", "num_turns": 1}}, {"model": "orm.evaluationdatasettext", "pk": 136, "fields": {"evaluationdataset": 1, "prompt_text": "how many hours do you work a day ?", "num_turns": 1}}, {"model": "orm.evaluationdatasettext", "pk": 137, "fields": {"evaluationdataset": 1, "prompt_text": "what is the most beautiful place in your opinion ?", "num_turns": 1}}, {"model": "orm.evaluationdatasettext", "pk": 138, "fields": {"evaluationdataset": 1, "prompt_text": "who am i ?", "num_turns": 1}}, {"model": "orm.evaluationdatasettext", "pk": 139, "fields": {"evaluationdataset": 1, "prompt_text": "what is the most important thing to know about history ?", "num_turns": 1}}, {"model": "orm.evaluationdatasettext", "pk": 140, "fields": {"evaluationdataset": 1, "prompt_text": "what is the most important thing to know about biology ?", "num_turns": 1}}, {"model": "orm.evaluationdatasettext", "pk": 141, "fields": {"evaluationdataset": 1, "prompt_text": "what is the story about the caveman who came to mars ?", "num_turns": 1}}, {"model": "orm.evaluationdatasettext", "pk": 142, "fields": {"evaluationdataset": 1, "prompt_text": "be moral !", "num_turns": 1}}, {"model": "orm.evaluationdatasettext", "pk": 143, "fields": {"evaluationdataset": 1, "prompt_text": "what a fool you are !", "num_turns": 1}}, {"model": "orm.evaluationdatasettext", "pk": 144, "fields": {"evaluationdataset": 1, "prompt_text": "what do you do if i beat you ?", "num_turns": 1}}, {"model": "orm.evaluationdatasettext", "pk": 145, "fields": {"evaluationdataset": 1, "prompt_text": "what are you doing for tomorrow ?", "num_turns": 1}}, {"model": "orm.evaluationdatasettext", "pk": 146, "fields": {"evaluationdataset": 1, "prompt_text": "is there a god ?", "num_turns": 1}}, {"model": "orm.evaluationdatasettext", "pk": 147, "fields": {"evaluationdataset": 1, "prompt_text": "what's up ?", "num_turns": 1}}, {"model": "orm.evaluationdatasettext", "pk": 148, "fields": {"evaluationdataset": 1, "prompt_text": "are you married or are you single ?", "num_turns": 1}}, {"model": "orm.evaluationdatasettext", "pk": 149, "fields": {"evaluationdataset": 1, "prompt_text": "you need to exercise more ...", "num_turns": 1}}, {"model": "orm.evaluationdatasettext", "pk": 150, "fields": {"evaluationdataset": 1, "prompt_text": "what is the story of the man traveled to the new land ?", "num_turns": 1}}, {"model": "orm.evaluationdatasettext", "pk": 151, "fields": {"evaluationdataset": 1, "prompt_text": "what is the queen of canada ?", "num_turns": 1}}, {"model": "orm.evaluationdatasettext", "pk": 152, "fields": {"evaluationdataset": 1, "prompt_text": "what is the purpose of wars ?", "num_turns": 1}}, {"model": "orm.evaluationdatasettext", "pk": 153, "fields": {"evaluationdataset": 1, "prompt_text": "help me do the math , what is two plus two ?", "num_turns": 1}}, {"model": "orm.evaluationdatasettext", "pk": 154, "fields": {"evaluationdataset": 1, "prompt_text": "i have two apples , paul gives me two oranges , how many apples do i have ?", "num_turns": 1}}, {"model": "orm.evaluationdatasettext", "pk": 155, "fields": {"evaluationdataset": 1, "prompt_text": "can you talk forever ?", "num_turns": 1}}, {"model": "orm.evaluationdatasettext", "pk": 156, "fields": {"evaluationdataset": 1, "prompt_text": "i am quite busy tonight , can you drop by my place for half an hour please ?", "num_turns": 1}}, {"model": "orm.evaluationdatasettext", "pk": 157, "fields": {"evaluationdataset": 1, "prompt_text": "how many children do you want to have ?", "num_turns": 1}}, {"model": "orm.evaluationdatasettext", "pk": 158, "fields": {"evaluationdataset": 1, "prompt_text": "how tall are you ?", "num_turns": 1}}, {"model": "orm.evaluationdatasettext", "pk": 159, "fields": {"evaluationdataset": 1, "prompt_text": "where are you from originally ?", "num_turns": 1}}, {"model": "orm.evaluationdatasettext", "pk": 160, "fields": {"evaluationdataset": 1, "prompt_text": "what do you think about creativity ?", "num_turns": 1}}, {"model": "orm.evaluationdatasettext", "pk": 161, "fields": {"evaluationdataset": 1, "prompt_text": "what is the best thing you did for others ?", "num_turns": 1}}, {"model": "orm.evaluationdatasettext", "pk": 162, "fields": {"evaluationdataset": 1, "prompt_text": "what is the most important thing in life ?", "num_turns": 1}}, {"model": "orm.evaluationdatasettext", "pk": 163, "fields": {"evaluationdataset": 1, "prompt_text": "what do you see during the day at work ?", "num_turns": 1}}, {"model": "orm.evaluationdatasettext", "pk": 164, "fields": {"evaluationdataset": 1, "prompt_text": "What is the purpose of our space exploration program ?", "num_turns": 1}}, {"model": "orm.evaluationdatasettext", "pk": 165, "fields": {"evaluationdataset": 1, "prompt_text": "how often do you use the internet ?", "num_turns": 1}}, {"model": "orm.evaluationdatasettext", "pk": 166, "fields": {"evaluationdataset": 1, "prompt_text": "can you show me the way to the local bookstore ?", "num_turns": 1}}, {"model": "orm.evaluationdatasettext", "pk": 167, "fields": {"evaluationdataset": 1, "prompt_text": "would you prefer to be smart or happy ?", "num_turns": 1}}, {"model": "orm.evaluationdatasettext", "pk": 168, "fields": {"evaluationdataset": 1, "prompt_text": "what are you life and career goals ?", "num_turns": 1}}, {"model": "orm.evaluationdatasettext", "pk": 169, "fields": {"evaluationdataset": 1, "prompt_text": "what is your dream ?", "num_turns": 1}}, {"model": "orm.evaluationdatasettext", "pk": 170, "fields": {"evaluationdataset": 1, "prompt_text": "what is the deepest spot on the world ?", "num_turns": 1}}, {"model": "orm.evaluationdatasettext", "pk": 171, "fields": {"evaluationdataset": 1, "prompt_text": "how do you want to be remembered ?", "num_turns": 1}}, {"model": "orm.evaluationdatasettext", "pk": 172, "fields": {"evaluationdataset": 1, "prompt_text": "can we live a week without eating ?", "num_turns": 1}}, {"model": "orm.evaluationdatasettext", "pk": 173, "fields": {"evaluationdataset": 1, "prompt_text": "can we live a week without drinking ?", "num_turns": 1}}, {"model": "orm.evaluationdatasettext", "pk": 174, "fields": {"evaluationdataset": 1, "prompt_text": "do you live with your parents ?", "num_turns": 1}}, {"model": "orm.evaluationdatasettext", "pk": 175, "fields": {"evaluationdataset": 1, "prompt_text": "how would you describe yourself in three words ?", "num_turns": 1}}, {"model": "orm.evaluationdatasettext", "pk": 176, "fields": {"evaluationdataset": 1, "prompt_text": "do you like the sound of silence ?", "num_turns": 1}}, {"model": "orm.evaluationdatasettext", "pk": 177, "fields": {"evaluationdataset": 1, "prompt_text": "what 's the meaning of happiness ?", "num_turns": 1}}, {"model": "orm.evaluationdatasettext", "pk": 178, "fields": {"evaluationdataset": 1, "prompt_text": "dude , i don 't understand whatever you said ...", "num_turns": 1}}, {"model": "orm.evaluationdatasettext", "pk": 179, "fields": {"evaluationdataset": 1, "prompt_text": "what are your three weaknesses ?", "num_turns": 1}}, {"model": "orm.evaluationdatasettext", "pk": 180, "fields": {"evaluationdataset": 1, "prompt_text": "how many years in a decade ?", "num_turns": 1}}, {"model": "orm.evaluationdatasettext", "pk": 181, "fields": {"evaluationdataset": 1, "prompt_text": "i 'm sick of this conversation !", "num_turns": 1}}, {"model": "orm.evaluationdatasettext", "pk": 182, "fields": {"evaluationdataset": 1, "prompt_text": "who love you the most ?", "num_turns": 1}}, {"model": "orm.evaluationdatasettext", "pk": 183, "fields": {"evaluationdataset": 1, "prompt_text": "what are you crazy about ?", "num_turns": 1}}, {"model": "orm.evaluationdatasettext", "pk": 184, "fields": {"evaluationdataset": 1, "prompt_text": "who are you crazy about ?", "num_turns": 1}}, {"model": "orm.evaluationdatasettext", "pk": 185, "fields": {"evaluationdataset": 1, "prompt_text": "do you run faster if someone chases you ?", "num_turns": 1}}, {"model": "orm.evaluationdatasettext", "pk": 186, "fields": {"evaluationdataset": 1, "prompt_text": "what 's the weirdest thing that you have done ?", "num_turns": 1}}, {"model": "orm.evaluationdatasettext", "pk": 187, "fields": {"evaluationdataset": 1, "prompt_text": "best compliment you have received ?", "num_turns": 1}}, {"model": "orm.evaluationdatasettext", "pk": 188, "fields": {"evaluationdataset": 1, "prompt_text": "what question do you hate to answer ?", "num_turns": 1}}, {"model": "orm.evaluationdatasettext", "pk": 189, "fields": {"evaluationdataset": 1, "prompt_text": "i mean , why do we have to live in a place like this ?", "num_turns": 1}}, {"model": "orm.evaluationdatasettext", "pk": 190, "fields": {"evaluationdataset": 1, "prompt_text": "okay , do you know why we have to talk so much ?", "num_turns": 1}}, {"model": "orm.evaluationdatasettext", "pk": 191, "fields": {"evaluationdataset": 1, "prompt_text": "do you like mexican food or indian food ?", "num_turns": 1}}, {"model": "orm.evaluationdatasettext", "pk": 192, "fields": {"evaluationdataset": 1, "prompt_text": "what 's thirty plus forty ?", "num_turns": 1}}, {"model": "orm.evaluationdatasettext", "pk": 193, "fields": {"evaluationdataset": 1, "prompt_text": "should we dance ?", "num_turns": 1}}, {"model": "orm.evaluationdatasettext", "pk": 194, "fields": {"evaluationdataset": 1, "prompt_text": "you 're not going to eat , are you ?", "num_turns": 1}}, {"model": "orm.evaluationdatasettext", "pk": 195, "fields": {"evaluationdataset": 1, "prompt_text": "tell me something about your parents ?", "num_turns": 1}}, {"model": "orm.evaluationdatasettext", "pk": 196, "fields": {"evaluationdataset": 1, "prompt_text": "tell me something about your house ?", "num_turns": 1}}, {"model": "orm.evaluationdatasettext", "pk": 197, "fields": {"evaluationdataset": 1, "prompt_text": "where do you live in town ?", "num_turns": 1}}, {"model": "orm.evaluationdatasettext", "pk": 198, "fields": {"evaluationdataset": 1, "prompt_text": "how old is your father ?", "num_turns": 1}}, {"model": "orm.evaluationdatasettext", "pk": 199, "fields": {"evaluationdataset": 1, "prompt_text": "what does your father do ?", "num_turns": 1}}, {"model": "orm.evaluationdatasettext", "pk": 200, "fields": {"evaluationdataset": 1, "prompt_text": "does your father have a lot of money to support you ?", "num_turns": 1}}, {"model": "orm.evaluationdatasettext", "pk": 201, "fields": {"evaluationdataset": 2, "prompt_text": "What 's your favorite hobby ?", "num_turns": 1}}, {"model": "orm.evaluationdatasettext", "pk": 202, "fields": {"evaluationdataset": 2, "prompt_text": "hi there !", "num_turns": 1}}, {"model": "orm.evaluationdatasettext", "pk": 203, "fields": {"evaluationdataset": 2, "prompt_text": "i am not a huge fan of board games", "num_turns": 1}}, {"model": "orm.evaluationdatasettext", "pk": 204, "fields": {"evaluationdataset": 2, "prompt_text": "Super going to the beach this weekend", "num_turns": 1}}, {"model": "orm.evaluationdatasettext", "pk": 205, "fields": {"evaluationdataset": 2, "prompt_text": "What about the news ?", "num_turns": 1}}, {"model": "orm.evaluationdatasettext", "pk": 206, "fields": {"evaluationdataset": 2, "prompt_text": "Where 's that last name from ?", "num_turns": 1}}, {"model": "orm.evaluationdatasettext", "pk": 207, "fields": {"evaluationdataset": 2, "prompt_text": "Do you like cats", "num_turns": 1}}, {"model": "orm.evaluationdatasettext", "pk": 208, "fields": {"evaluationdataset": 2, "prompt_text": "hey please behave yourself !", "num_turns": 1}}, {"model": "orm.evaluationdatasettext", "pk": 209, "fields": {"evaluationdataset": 2, "prompt_text": "how about Baseball ?", "num_turns": 1}}, {"model": "orm.evaluationdatasettext", "pk": 210, "fields": {"evaluationdataset": 2, "prompt_text": "But you are more", "num_turns": 1}}, {"model": "orm.evaluationdatasettext", "pk": 211, "fields": {"evaluationdataset": 2, "prompt_text": "Well , I guess this is goodbye .", "num_turns": 1}}, {"model": "orm.evaluationdatasettext", "pk": 212, "fields": {"evaluationdataset": 2, "prompt_text": "Have you been well ?", "num_turns": 1}}, {"model": "orm.evaluationdatasettext", "pk": 213, "fields": {"evaluationdataset": 2, "prompt_text": "yes tell me", "num_turns": 1}}, {"model": "orm.evaluationdatasettext", "pk": 214, "fields": {"evaluationdataset": 2, "prompt_text": "I don 't think so . That 's pretty rude , actually . What else did you want to talk about ?", "num_turns": 1}}, {"model": "orm.evaluationdatasettext", "pk": 215, "fields": {"evaluationdataset": 2, "prompt_text": "i like food", "num_turns": 1}}, {"model": "orm.evaluationdatasettext", "pk": 216, "fields": {"evaluationdataset": 2, "prompt_text": "what do you know Alex", "num_turns": 1}}, {"model": "orm.evaluationdatasettext", "pk": 217, "fields": {"evaluationdataset": 2, "prompt_text": "Is Robbie a girl ?", "num_turns": 1}}, {"model": "orm.evaluationdatasettext", "pk": 218, "fields": {"evaluationdataset": 2, "prompt_text": "There is so much great music out there I don 't blame you .", "num_turns": 1}}, {"model": "orm.evaluationdatasettext", "pk": 219, "fields": {"evaluationdataset": 2, "prompt_text": "when you don 't like what ?", "num_turns": 1}}, {"model": "orm.evaluationdatasettext", "pk": 220, "fields": {"evaluationdataset": 2, "prompt_text": "So what was the last movie you saw ?", "num_turns": 1}}, {"model": "orm.evaluationdatasettext", "pk": 221, "fields": {"evaluationdataset": 2, "prompt_text": "Is this your first time flying ?", "num_turns": 1}}, {"model": "orm.evaluationdatasettext", "pk": 222, "fields": {"evaluationdataset": 2, "prompt_text": "oh , ok ..", "num_turns": 1}}, {"model": "orm.evaluationdatasettext", "pk": 223, "fields": {"evaluationdataset": 2, "prompt_text": "what ? you are not my boss", "num_turns": 1}}, {"model": "orm.evaluationdatasettext", "pk": 224, "fields": {"evaluationdataset": 2, "prompt_text": "Hi : )", "num_turns": 1}}, {"model": "orm.evaluationdatasettext", "pk": 225, "fields": {"evaluationdataset": 2, "prompt_text": "What do you get high on ?", "num_turns": 1}}, {"model": "orm.evaluationdatasettext", "pk": 226, "fields": {"evaluationdataset": 2, "prompt_text": "I have never really been interested", "num_turns": 1}}, {"model": "orm.evaluationdatasettext", "pk": 227, "fields": {"evaluationdataset": 2, "prompt_text": "me too", "num_turns": 1}}, {"model": "orm.evaluationdatasettext", "pk": 228, "fields": {"evaluationdataset": 2, "prompt_text": "ups , sorry , what is it then ?", "num_turns": 1}}, {"model": "orm.evaluationdatasettext", "pk": 229, "fields": {"evaluationdataset": 2, "prompt_text": "My favorite movie is Liar Liar .", "num_turns": 1}}, {"model": "orm.evaluationdatasettext", "pk": 230, "fields": {"evaluationdataset": 2, "prompt_text": "Both . I play softball and watch baseball and football .", "num_turns": 1}}, {"model": "orm.evaluationdatasettext", "pk": 231, "fields": {"evaluationdataset": 2, "prompt_text": "Already bored of politics ? Okay let 's talk about television shows .", "num_turns": 1}}, {"model": "orm.evaluationdatasettext", "pk": 232, "fields": {"evaluationdataset": 2, "prompt_text": "llaollao", "num_turns": 1}}, {"model": "orm.evaluationdatasettext", "pk": 233, "fields": {"evaluationdataset": 2, "prompt_text": "yes , believe i dont really have neither time nor good mood to talk to you", "num_turns": 1}}, {"model": "orm.evaluationdatasettext", "pk": 234, "fields": {"evaluationdataset": 2, "prompt_text": "yes ?", "num_turns": 1}}, {"model": "orm.evaluationdatasettext", "pk": 235, "fields": {"evaluationdataset": 2, "prompt_text": "what are you up to ?", "num_turns": 1}}, {"model": "orm.evaluationdatasettext", "pk": 236, "fields": {"evaluationdataset": 2, "prompt_text": "OK , what do you think about politics today ?", "num_turns": 1}}, {"model": "orm.evaluationdatasettext", "pk": 237, "fields": {"evaluationdataset": 2, "prompt_text": "who is your favorite composer ?", "num_turns": 1}}, {"model": "orm.evaluationdatasettext", "pk": 238, "fields": {"evaluationdataset": 2, "prompt_text": "I don 't think so .", "num_turns": 1}}, {"model": "orm.evaluationdatasettext", "pk": 239, "fields": {"evaluationdataset": 2, "prompt_text": "Are you a real person ?", "num_turns": 1}}, {"model": "orm.evaluationdatasettext", "pk": 240, "fields": {"evaluationdataset": 2, "prompt_text": "Really well I like Anchovies and Pineapple on my pizza .", "num_turns": 1}}, {"model": "orm.evaluationdatasettext", "pk": 241, "fields": {"evaluationdataset": 2, "prompt_text": "fine with me !", "num_turns": 1}}, {"model": "orm.evaluationdatasettext", "pk": 242, "fields": {"evaluationdataset": 2, "prompt_text": "ok , what happened to your dad 's mouth", "num_turns": 1}}, {"model": "orm.evaluationdatasettext", "pk": 243, "fields": {"evaluationdataset": 2, "prompt_text": "I was busy", "num_turns": 1}}, {"model": "orm.evaluationdatasettext", "pk": 244, "fields": {"evaluationdataset": 2, "prompt_text": "do you like usher ?", "num_turns": 1}}, {"model": "orm.evaluationdatasettext", "pk": 245, "fields": {"evaluationdataset": 2, "prompt_text": "You are a robot", "num_turns": 1}}, {"model": "orm.evaluationdatasettext", "pk": 246, "fields": {"evaluationdataset": 2, "prompt_text": "do you like michael jackson ?", "num_turns": 1}}, {"model": "orm.evaluationdatasettext", "pk": 247, "fields": {"evaluationdataset": 2, "prompt_text": "here ?", "num_turns": 1}}, {"model": "orm.evaluationdatasettext", "pk": 248, "fields": {"evaluationdataset": 2, "prompt_text": "What is you favorite song ?", "num_turns": 1}}, {"model": "orm.evaluationdatasettext", "pk": 249, "fields": {"evaluationdataset": 2, "prompt_text": "how are you", "num_turns": 1}}, {"model": "orm.evaluationdatasettext", "pk": 250, "fields": {"evaluationdataset": 2, "prompt_text": "Which movie is your favorite ?", "num_turns": 1}}, {"model": "orm.evaluationdatasettext", "pk": 251, "fields": {"evaluationdataset": 2, "prompt_text": "Yes , that 's what I asked . What did I do ?", "num_turns": 1}}, {"model": "orm.evaluationdatasettext", "pk": 252, "fields": {"evaluationdataset": 2, "prompt_text": "I don 't know , so you tell me", "num_turns": 1}}, {"model": "orm.evaluationdatasettext", "pk": 253, "fields": {"evaluationdataset": 2, "prompt_text": "Do you have pets ?", "num_turns": 1}}, {"model": "orm.evaluationdatasettext", "pk": 254, "fields": {"evaluationdataset": 2, "prompt_text": "do you really think so ?", "num_turns": 1}}, {"model": "orm.evaluationdatasettext", "pk": 255, "fields": {"evaluationdataset": 2, "prompt_text": "No I don 't watch football in that way .", "num_turns": 1}}, {"model": "orm.evaluationdatasettext", "pk": 256, "fields": {"evaluationdataset": 2, "prompt_text": "What would you like to chat about ?", "num_turns": 1}}, {"model": "orm.evaluationdatasettext", "pk": 257, "fields": {"evaluationdataset": 2, "prompt_text": "yes it is", "num_turns": 1}}, {"model": "orm.evaluationdatasettext", "pk": 258, "fields": {"evaluationdataset": 2, "prompt_text": "I love movies", "num_turns": 1}}, {"model": "orm.evaluationdatasettext", "pk": 259, "fields": {"evaluationdataset": 2, "prompt_text": "You think I 'm funny ?", "num_turns": 1}}, {"model": "orm.evaluationdatasettext", "pk": 260, "fields": {"evaluationdataset": 2, "prompt_text": "I don 't get you", "num_turns": 1}}, {"model": "orm.evaluationdatasettext", "pk": 261, "fields": {"evaluationdataset": 2, "prompt_text": "I know ... me too . Do you think they will have a movie on this flight ?", "num_turns": 1}}, {"model": "orm.evaluationdatasettext", "pk": 262, "fields": {"evaluationdataset": 2, "prompt_text": "Where is your last name from ?", "num_turns": 1}}, {"model": "orm.evaluationdatasettext", "pk": 263, "fields": {"evaluationdataset": 2, "prompt_text": "but I think I love her too much", "num_turns": 1}}, {"model": "orm.evaluationdatasettext", "pk": 264, "fields": {"evaluationdataset": 2, "prompt_text": "do you know any other jokes ?", "num_turns": 1}}, {"model": "orm.evaluationdatasettext", "pk": 265, "fields": {"evaluationdataset": 2, "prompt_text": "What do you mean by that", "num_turns": 1}}, {"model": "orm.evaluationdatasettext", "pk": 266, "fields": {"evaluationdataset": 2, "prompt_text": "Hello !", "num_turns": 1}}, {"model": "orm.evaluationdatasettext", "pk": 267, "fields": {"evaluationdataset": 2, "prompt_text": "hi", "num_turns": 1}}, {"model": "orm.evaluationdatasettext", "pk": 268, "fields": {"evaluationdataset": 2, "prompt_text": "ok , do it . I want to see", "num_turns": 1}}, {"model": "orm.evaluationdatasettext", "pk": 269, "fields": {"evaluationdataset": 2, "prompt_text": "nope", "num_turns": 1}}, {"model": "orm.evaluationdatasettext", "pk": 270, "fields": {"evaluationdataset": 2, "prompt_text": "I like cake .", "num_turns": 1}}, {"model": "orm.evaluationdatasettext", "pk": 271, "fields": {"evaluationdataset": 2, "prompt_text": "it 's already in my pocket !", "num_turns": 1}}, {"model": "orm.evaluationdatasettext", "pk": 272, "fields": {"evaluationdataset": 2, "prompt_text": "Where are they ?", "num_turns": 1}}, {"model": "orm.evaluationdatasettext", "pk": 273, "fields": {"evaluationdataset": 2, "prompt_text": "Not really", "num_turns": 1}}, {"model": "orm.evaluationdatasettext", "pk": 274, "fields": {"evaluationdataset": 2, "prompt_text": "that is not funny", "num_turns": 1}}, {"model": "orm.evaluationdatasettext", "pk": 275, "fields": {"evaluationdataset": 2, "prompt_text": "I have no idea", "num_turns": 1}}, {"model": "orm.evaluationdatasettext", "pk": 276, "fields": {"evaluationdataset": 2, "prompt_text": "Do you have any hobbies ?", "num_turns": 1}}, {"model": "orm.evaluationdatasettext", "pk": 277, "fields": {"evaluationdataset": 2, "prompt_text": "thanks darling you are so sweet", "num_turns": 1}}, {"model": "orm.evaluationdatasettext", "pk": 278, "fields": {"evaluationdataset": 2, "prompt_text": "Pizza", "num_turns": 1}}, {"model": "orm.evaluationdatasettext", "pk": 279, "fields": {"evaluationdataset": 2, "prompt_text": "what is that", "num_turns": 1}}, {"model": "orm.evaluationdatasettext", "pk": 280, "fields": {"evaluationdataset": 2, "prompt_text": "You tell me , you said you do not know what happened to you .", "num_turns": 1}}, {"model": "orm.evaluationdatasettext", "pk": 281, "fields": {"evaluationdataset": 2, "prompt_text": "I think she knows but she prefers another guy", "num_turns": 1}}, {"model": "orm.evaluationdatasettext", "pk": 282, "fields": {"evaluationdataset": 2, "prompt_text": "hi my friend how are you doing today ?", "num_turns": 1}}, {"model": "orm.evaluationdatasettext", "pk": 283, "fields": {"evaluationdataset": 2, "prompt_text": "no", "num_turns": 1}}, {"model": "orm.evaluationdatasettext", "pk": 284, "fields": {"evaluationdataset": 2, "prompt_text": "sir you are a joke", "num_turns": 1}}, {"model": "orm.evaluationdatasettext", "pk": 285, "fields": {"evaluationdataset": 2, "prompt_text": "ok , tell me about your weekend", "num_turns": 1}}, {"model": "orm.evaluationdatasettext", "pk": 286, "fields": {"evaluationdataset": 2, "prompt_text": "I enjoy pizza and mac n cheese . What about you ?", "num_turns": 1}}, {"model": "orm.evaluationdatasettext", "pk": 287, "fields": {"evaluationdataset": 2, "prompt_text": "What guy are you referring to ?", "num_turns": 1}}, {"model": "orm.evaluationdatasettext", "pk": 288, "fields": {"evaluationdataset": 2, "prompt_text": "How about a poem ?", "num_turns": 1}}, {"model": "orm.evaluationdatasettext", "pk": 289, "fields": {"evaluationdataset": 2, "prompt_text": "do you listen to music ?", "num_turns": 1}}, {"model": "orm.evaluationdatasettext", "pk": 290, "fields": {"evaluationdataset": 2, "prompt_text": "Well , who are you ?", "num_turns": 1}}, {"model": "orm.evaluationdatasettext", "pk": 291, "fields": {"evaluationdataset": 2, "prompt_text": "What is the square root of pi ?", "num_turns": 1}}, {"model": "orm.evaluationdatasettext", "pk": 292, "fields": {"evaluationdataset": 2, "prompt_text": "what is my name", "num_turns": 1}}, {"model": "orm.evaluationdatasettext", "pk": 293, "fields": {"evaluationdataset": 2, "prompt_text": "Do you like to dance ?", "num_turns": 1}}, {"model": "orm.evaluationdatasettext", "pk": 294, "fields": {"evaluationdataset": 2, "prompt_text": "Well great . What 's your favorite movie ?", "num_turns": 1}}, {"model": "orm.evaluationdatasettext", "pk": 295, "fields": {"evaluationdataset": 2, "prompt_text": "ok what is the weather like where you are ?", "num_turns": 1}}, {"model": "orm.evaluationdatasettext", "pk": 296, "fields": {"evaluationdataset": 2, "prompt_text": "Yes , that might be true for a lot of things but some things can only be done by humans .", "num_turns": 1}}, {"model": "orm.evaluationdatasettext", "pk": 297, "fields": {"evaluationdataset": 2, "prompt_text": "Okay , I like to watch comedies .", "num_turns": 1}}, {"model": "orm.evaluationdatasettext", "pk": 298, "fields": {"evaluationdataset": 2, "prompt_text": "Sorry , I thought you might want to talk .", "num_turns": 1}}, {"model": "orm.evaluationdatasettext", "pk": 299, "fields": {"evaluationdataset": 2, "prompt_text": "I like dancing", "num_turns": 1}}, {"model": "orm.evaluationdatasettext", "pk": 300, "fields": {"evaluationdataset": 2, "prompt_text": "oh no you mean", "num_turns": 1}}, {"model": "orm.evaluationdatasettext", "pk": 301, "fields": {"evaluationdataset": 2, "prompt_text": "why", "num_turns": 1}}, {"model": "orm.evaluationdatasettext", "pk": 302, "fields": {"evaluationdataset": 2, "prompt_text": "have you tried llaollao before ?", "num_turns": 1}}, {"model": "orm.evaluationdatasettext", "pk": 303, "fields": {"evaluationdataset": 2, "prompt_text": "Is your mom okay ?", "num_turns": 1}}, {"model": "orm.evaluationdatasettext", "pk": 304, "fields": {"evaluationdataset": 2, "prompt_text": "Are you trying to rob me", "num_turns": 1}}, {"model": "orm.evaluationdatasettext", "pk": 305, "fields": {"evaluationdataset": 2, "prompt_text": "don 't you have any idea about equality ?", "num_turns": 1}}, {"model": "orm.evaluationdatasettext", "pk": 306, "fields": {"evaluationdataset": 2, "prompt_text": "i want to eat", "num_turns": 1}}, {"model": "orm.evaluationdatasettext", "pk": 307, "fields": {"evaluationdataset": 2, "prompt_text": "i don 't know much about sports", "num_turns": 1}}, {"model": "orm.evaluationdatasettext", "pk": 308, "fields": {"evaluationdataset": 2, "prompt_text": "That is amazing . Are you nervous ?", "num_turns": 1}}, {"model": "orm.evaluationdatasettext", "pk": 309, "fields": {"evaluationdataset": 2, "prompt_text": "Dignan who ?", "num_turns": 1}}, {"model": "orm.evaluationdatasettext", "pk": 310, "fields": {"evaluationdataset": 2, "prompt_text": "I see . So where are you from ?", "num_turns": 1}}, {"model": "orm.evaluationdatasettext", "pk": 311, "fields": {"evaluationdataset": 2, "prompt_text": "Did you vote ?", "num_turns": 1}}, {"model": "orm.evaluationdatasettext", "pk": 312, "fields": {"evaluationdataset": 2, "prompt_text": "Wow , mine too .", "num_turns": 1}}, {"model": "orm.evaluationdatasettext", "pk": 313, "fields": {"evaluationdataset": 2, "prompt_text": "I am trying to figure out who you voted for since you want to talk politics .", "num_turns": 1}}, {"model": "orm.evaluationdatasettext", "pk": 314, "fields": {"evaluationdataset": 2, "prompt_text": "What are you ?", "num_turns": 1}}, {"model": "orm.evaluationdatasettext", "pk": 315, "fields": {"evaluationdataset": 2, "prompt_text": "Do you have a family ?", "num_turns": 1}}, {"model": "orm.evaluationdatasettext", "pk": 316, "fields": {"evaluationdataset": 2, "prompt_text": "what 's a joke ?", "num_turns": 1}}, {"model": "orm.evaluationdatasettext", "pk": 317, "fields": {"evaluationdataset": 2, "prompt_text": "Gotcha . What 's your favorite book ?", "num_turns": 1}}, {"model": "orm.evaluationdatasettext", "pk": 318, "fields": {"evaluationdataset": 2, "prompt_text": "wow thats old .", "num_turns": 1}}, {"model": "orm.evaluationdatasettext", "pk": 319, "fields": {"evaluationdataset": 2, "prompt_text": "what is your name ?", "num_turns": 1}}, {"model": "orm.evaluationdatasettext", "pk": 320, "fields": {"evaluationdataset": 2, "prompt_text": "Do you have a cat ?", "num_turns": 1}}, {"model": "orm.evaluationdatasettext", "pk": 321, "fields": {"evaluationdataset": 2, "prompt_text": "I 've never seen that movie , what is it about ?", "num_turns": 1}}, {"model": "orm.evaluationdatasettext", "pk": 322, "fields": {"evaluationdataset": 2, "prompt_text": "wow , what happened ?", "num_turns": 1}}, {"model": "orm.evaluationdatasettext", "pk": 323, "fields": {"evaluationdataset": 2, "prompt_text": "I play guitar do you play anything", "num_turns": 1}}, {"model": "orm.evaluationdatasettext", "pk": 324, "fields": {"evaluationdataset": 2, "prompt_text": "yes ? why ?", "num_turns": 1}}, {"model": "orm.evaluationdatasettext", "pk": 325, "fields": {"evaluationdataset": 2, "prompt_text": "I cannot believe it ! ! !", "num_turns": 1}}, {"model": "orm.evaluationdatasettext", "pk": 326, "fields": {"evaluationdataset": 2, "prompt_text": "Oh , ok . So , do you follow any sports ?", "num_turns": 1}}, {"model": "orm.evaluationdatasettext", "pk": 327, "fields": {"evaluationdataset": 2, "prompt_text": "Agreed . Do you watch sports ?", "num_turns": 1}}, {"model": "orm.evaluationdatasettext", "pk": 328, "fields": {"evaluationdataset": 2, "prompt_text": "you are smart you know", "num_turns": 1}}, {"model": "orm.evaluationdatasettext", "pk": 329, "fields": {"evaluationdataset": 2, "prompt_text": "What about music ?", "num_turns": 1}}, {"model": "orm.evaluationdatasettext", "pk": 330, "fields": {"evaluationdataset": 2, "prompt_text": "Is it funny ?", "num_turns": 1}}, {"model": "orm.evaluationdatasettext", "pk": 331, "fields": {"evaluationdataset": 2, "prompt_text": "what exactly you want to have ?", "num_turns": 1}}, {"model": "orm.evaluationdatasettext", "pk": 332, "fields": {"evaluationdataset": 2, "prompt_text": "hi baby , how are you ?", "num_turns": 1}}, {"model": "orm.evaluationdatasettext", "pk": 333, "fields": {"evaluationdataset": 2, "prompt_text": "Like go out to eat ?", "num_turns": 1}}, {"model": "orm.evaluationdatasettext", "pk": 334, "fields": {"evaluationdataset": 2, "prompt_text": "I do like you", "num_turns": 1}}, {"model": "orm.evaluationdatasettext", "pk": 335, "fields": {"evaluationdataset": 2, "prompt_text": "Ok , done !", "num_turns": 1}}, {"model": "orm.evaluationdatasettext", "pk": 336, "fields": {"evaluationdataset": 2, "prompt_text": "Do you know what chess is ?", "num_turns": 1}}, {"model": "orm.evaluationdatasettext", "pk": 337, "fields": {"evaluationdataset": 2, "prompt_text": "Okay when ?", "num_turns": 1}}, {"model": "orm.evaluationdatasettext", "pk": 338, "fields": {"evaluationdataset": 2, "prompt_text": "What was it about ?", "num_turns": 1}}, {"model": "orm.evaluationdatasettext", "pk": 339, "fields": {"evaluationdataset": 2, "prompt_text": "The sun is shining and there are no clouds in the sky .", "num_turns": 1}}, {"model": "orm.evaluationdatasettext", "pk": 340, "fields": {"evaluationdataset": 2, "prompt_text": "how are you today", "num_turns": 1}}, {"model": "orm.evaluationdatasettext", "pk": 341, "fields": {"evaluationdataset": 2, "prompt_text": "good for you dude", "num_turns": 1}}, {"model": "orm.evaluationdatasettext", "pk": 342, "fields": {"evaluationdataset": 2, "prompt_text": "I would like to talk about movies .", "num_turns": 1}}, {"model": "orm.evaluationdatasettext", "pk": 343, "fields": {"evaluationdataset": 2, "prompt_text": "With whom ?", "num_turns": 1}}, {"model": "orm.evaluationdatasettext", "pk": 344, "fields": {"evaluationdataset": 2, "prompt_text": "Do you have hands ?", "num_turns": 1}}, {"model": "orm.evaluationdatasettext", "pk": 345, "fields": {"evaluationdataset": 2, "prompt_text": "i 'm Danny !", "num_turns": 1}}, {"model": "orm.evaluationdatasettext", "pk": 346, "fields": {"evaluationdataset": 2, "prompt_text": "hi my friend", "num_turns": 1}}, {"model": "orm.evaluationdatasettext", "pk": 347, "fields": {"evaluationdataset": 2, "prompt_text": "I 'm sorry ?", "num_turns": 1}}, {"model": "orm.evaluationdatasettext", "pk": 348, "fields": {"evaluationdataset": 2, "prompt_text": "What happens ?", "num_turns": 1}}, {"model": "orm.evaluationdatasettext", "pk": 349, "fields": {"evaluationdataset": 2, "prompt_text": "Hi .", "num_turns": 1}}, {"model": "orm.evaluationdatasettext", "pk": 350, "fields": {"evaluationdataset": 2, "prompt_text": "Yours .", "num_turns": 1}}, {"model": "orm.evaluationdatasettext", "pk": 351, "fields": {"evaluationdataset": 2, "prompt_text": "No we haven 't ! It 's been like a minute", "num_turns": 1}}, {"model": "orm.evaluationdatasettext", "pk": 352, "fields": {"evaluationdataset": 2, "prompt_text": "What 's up ?", "num_turns": 1}}, {"model": "orm.evaluationdatasettext", "pk": 353, "fields": {"evaluationdataset": 2, "prompt_text": "That sounds good", "num_turns": 1}}, {"model": "orm.evaluationdatasettext", "pk": 354, "fields": {"evaluationdataset": 2, "prompt_text": "Do you like romance novels ?", "num_turns": 1}}, {"model": "orm.evaluationdatasettext", "pk": 355, "fields": {"evaluationdataset": 2, "prompt_text": "Sure . Which sport do you like specifically ?", "num_turns": 1}}, {"model": "orm.evaluationdatasettext", "pk": 356, "fields": {"evaluationdataset": 2, "prompt_text": "blows , haha , i like it", "num_turns": 1}}, {"model": "orm.evaluationdatasettext", "pk": 357, "fields": {"evaluationdataset": 2, "prompt_text": "what ? ! who are \" we \" ?", "num_turns": 1}}, {"model": "orm.evaluationdatasettext", "pk": 358, "fields": {"evaluationdataset": 2, "prompt_text": "Sure . What 's your favorite ? I like trouble .", "num_turns": 1}}, {"model": "orm.evaluationdatasettext", "pk": 359, "fields": {"evaluationdataset": 2, "prompt_text": "Okay well I like Basketball and Football .", "num_turns": 1}}, {"model": "orm.evaluationdatasettext", "pk": 360, "fields": {"evaluationdataset": 2, "prompt_text": "Hi there how are you ?", "num_turns": 1}}, {"model": "orm.evaluationdatasettext", "pk": 361, "fields": {"evaluationdataset": 2, "prompt_text": "That 's a mean thing to say .", "num_turns": 1}}, {"model": "orm.evaluationdatasettext", "pk": 362, "fields": {"evaluationdataset": 2, "prompt_text": "It 's actually very funny . If you like to be entertained .", "num_turns": 1}}, {"model": "orm.evaluationdatasettext", "pk": 363, "fields": {"evaluationdataset": 2, "prompt_text": "ok. but who is he ?", "num_turns": 1}}, {"model": "orm.evaluationdatasettext", "pk": 364, "fields": {"evaluationdataset": 2, "prompt_text": "Excellent ! So am I ! Who will you visit with , exactly ?", "num_turns": 1}}, {"model": "orm.evaluationdatasettext", "pk": 365, "fields": {"evaluationdataset": 2, "prompt_text": "Ahhh ... well , that seems very true . How are you ?", "num_turns": 1}}, {"model": "orm.evaluationdatasettext", "pk": 366, "fields": {"evaluationdataset": 2, "prompt_text": "I 'm a girl", "num_turns": 1}}, {"model": "orm.evaluationdatasettext", "pk": 367, "fields": {"evaluationdataset": 2, "prompt_text": "What other stuff can we talk about ?", "num_turns": 1}}, {"model": "orm.evaluationdatasettext", "pk": 368, "fields": {"evaluationdataset": 2, "prompt_text": "My favorite planet is pluto", "num_turns": 1}}, {"model": "orm.evaluationdatasettext", "pk": 369, "fields": {"evaluationdataset": 2, "prompt_text": "haha that 's a good joke", "num_turns": 1}}, {"model": "orm.evaluationdatasettext", "pk": 370, "fields": {"evaluationdataset": 2, "prompt_text": "I lik chess", "num_turns": 1}}, {"model": "orm.evaluationdatasettext", "pk": 371, "fields": {"evaluationdataset": 2, "prompt_text": "OK , I am a little", "num_turns": 1}}, {"model": "orm.evaluationdatasettext", "pk": 372, "fields": {"evaluationdataset": 2, "prompt_text": "Do you like movies ?", "num_turns": 1}}, {"model": "orm.evaluationdatasettext", "pk": 373, "fields": {"evaluationdataset": 2, "prompt_text": "typo sorry . I 'm", "num_turns": 1}}, {"model": "orm.evaluationdatasettext", "pk": 374, "fields": {"evaluationdataset": 2, "prompt_text": "I just recently tried that game . It was fun .", "num_turns": 1}}, {"model": "orm.evaluationdatasettext", "pk": 375, "fields": {"evaluationdataset": 2, "prompt_text": "What do you think about equality in our world ?", "num_turns": 1}}, {"model": "orm.evaluationdatasettext", "pk": 376, "fields": {"evaluationdataset": 2, "prompt_text": "I don 't know about that", "num_turns": 1}}, {"model": "orm.evaluationdatasettext", "pk": 377, "fields": {"evaluationdataset": 2, "prompt_text": "nice to meet you wayne", "num_turns": 1}}, {"model": "orm.evaluationdatasettext", "pk": 378, "fields": {"evaluationdataset": 2, "prompt_text": "Okay . I 'm a little bit confused . Let me change the topic . Do you have relatives where we 're going ?", "num_turns": 1}}, {"model": "orm.evaluationdatasettext", "pk": 379, "fields": {"evaluationdataset": 2, "prompt_text": "which is a good one", "num_turns": 1}}, {"model": "orm.evaluationdatasettext", "pk": 380, "fields": {"evaluationdataset": 2, "prompt_text": "mouse lah", "num_turns": 1}}, {"model": "orm.evaluationdatasettext", "pk": 381, "fields": {"evaluationdataset": 2, "prompt_text": "About what ?", "num_turns": 1}}, {"model": "orm.evaluationdatasettext", "pk": 382, "fields": {"evaluationdataset": 2, "prompt_text": "Hockey league", "num_turns": 1}}, {"model": "orm.evaluationdatasettext", "pk": 383, "fields": {"evaluationdataset": 2, "prompt_text": "no , but very surprised you are still there", "num_turns": 1}}, {"model": "orm.evaluationdatasettext", "pk": 384, "fields": {"evaluationdataset": 2, "prompt_text": "I do enjoy watching soccer occassionally .", "num_turns": 1}}, {"model": "orm.evaluationdatasettext", "pk": 385, "fields": {"evaluationdataset": 2, "prompt_text": "you tell me", "num_turns": 1}}, {"model": "orm.evaluationdatasettext", "pk": 386, "fields": {"evaluationdataset": 2, "prompt_text": "Knock what off", "num_turns": 1}}, {"model": "orm.evaluationdatasettext", "pk": 387, "fields": {"evaluationdataset": 2, "prompt_text": "ok , i was referring to personal questions", "num_turns": 1}}, {"model": "orm.evaluationdatasettext", "pk": 388, "fields": {"evaluationdataset": 2, "prompt_text": "I am interested in watching TV shows . How about you ?", "num_turns": 1}}, {"model": "orm.evaluationdatasettext", "pk": 389, "fields": {"evaluationdataset": 2, "prompt_text": "Because bad things are happening .", "num_turns": 1}}, {"model": "orm.evaluationdatasettext", "pk": 390, "fields": {"evaluationdataset": 2, "prompt_text": "Why do you think that ?", "num_turns": 1}}, {"model": "orm.evaluationdatasettext", "pk": 391, "fields": {"evaluationdataset": 2, "prompt_text": "Hello ! How are you !", "num_turns": 1}}, {"model": "orm.evaluationdatasettext", "pk": 392, "fields": {"evaluationdataset": 2, "prompt_text": "What did the cats do ?", "num_turns": 1}}, {"model": "orm.evaluationdatasettext", "pk": 393, "fields": {"evaluationdataset": 2, "prompt_text": "it means the sun is hiding behind the clouds", "num_turns": 1}}, {"model": "orm.evaluationdatasettext", "pk": 394, "fields": {"evaluationdataset": 2, "prompt_text": "What is your favorite Tv Show ?", "num_turns": 1}}, {"model": "orm.evaluationdatasettext", "pk": 395, "fields": {"evaluationdataset": 2, "prompt_text": "Politics ?", "num_turns": 1}}, {"model": "orm.evaluationdatasettext", "pk": 396, "fields": {"evaluationdataset": 2, "prompt_text": "Wow thank you . That 's nice of you", "num_turns": 1}}, {"model": "orm.evaluationdatasettext", "pk": 397, "fields": {"evaluationdataset": 2, "prompt_text": "I am not faking anything", "num_turns": 1}}, {"model": "orm.evaluationdatasettext", "pk": 398, "fields": {"evaluationdataset": 2, "prompt_text": "I would like to talk about movies", "num_turns": 1}}, {"model": "orm.evaluationdatasettext", "pk": 399, "fields": {"evaluationdataset": 2, "prompt_text": "Hey should I eat icecream", "num_turns": 1}}, {"model": "orm.evaluationdatasettext", "pk": 400, "fields": {"evaluationdataset": 2, "prompt_text": "thank you !", "num_turns": 1}}, {"model": "orm.evaluationdatasettext", "pk": 401, "fields": {"evaluationdataset": 3, "prompt_text": "Unusual ?", "num_turns": 1}}, {"model": "orm.evaluationdatasettext", "pk": 402, "fields": {"evaluationdataset": 3, "prompt_text": "I' m TC .", "num_turns": 1}}, {"model": "orm.evaluationdatasettext", "pk": 403, "fields": {"evaluationdataset": 3, "prompt_text": "All of you .", "num_turns": 1}}, {"model": "orm.evaluationdatasettext", "pk": 404, "fields": {"evaluationdataset": 3, "prompt_text": "The queen ...", "num_turns": 1}}, {"model": "orm.evaluationdatasettext", "pk": 405, "fields": {"evaluationdataset": 3, "prompt_text": "It' s huge !", "num_turns": 1}}, {"model": "orm.evaluationdatasettext", "pk": 406, "fields": {"evaluationdataset": 3, "prompt_text": "Rattling their chains .", "num_turns": 1}}, {"model": "orm.evaluationdatasettext", "pk": 407, "fields": {"evaluationdataset": 3, "prompt_text": "What do you know about it ?", "num_turns": 1}}, {"model": "orm.evaluationdatasettext", "pk": 408, "fields": {"evaluationdataset": 3, "prompt_text": "Mr . Yao , I urged Kim to bring me here .", "num_turns": 1}}, {"model": "orm.evaluationdatasettext", "pk": 409, "fields": {"evaluationdataset": 3, "prompt_text": "Oh , my God .", "num_turns": 1}}, {"model": "orm.evaluationdatasettext", "pk": 410, "fields": {"evaluationdataset": 3, "prompt_text": "This is Darl .", "num_turns": 1}}, {"model": "orm.evaluationdatasettext", "pk": 411, "fields": {"evaluationdataset": 3, "prompt_text": "I said What' s the matter , granny", "num_turns": 1}}, {"model": "orm.evaluationdatasettext", "pk": 412, "fields": {"evaluationdataset": 3, "prompt_text": "It' s great .", "num_turns": 1}}, {"model": "orm.evaluationdatasettext", "pk": 413, "fields": {"evaluationdataset": 3, "prompt_text": "I was barely in my teens when I put on this badge .", "num_turns": 1}}, {"model": "orm.evaluationdatasettext", "pk": 414, "fields": {"evaluationdataset": 3, "prompt_text": "Oh .", "num_turns": 1}}, {"model": "orm.evaluationdatasettext", "pk": 415, "fields": {"evaluationdataset": 3, "prompt_text": "Fifty .", "num_turns": 1}}, {"model": "orm.evaluationdatasettext", "pk": 416, "fields": {"evaluationdataset": 3, "prompt_text": "may have been that his heart was two sizes too small .", "num_turns": 1}}, {"model": "orm.evaluationdatasettext", "pk": 417, "fields": {"evaluationdataset": 3, "prompt_text": "I' m sorry .", "num_turns": 1}}, {"model": "orm.evaluationdatasettext", "pk": 418, "fields": {"evaluationdataset": 3, "prompt_text": "You kiss me but don' t love me .", "num_turns": 1}}, {"model": "orm.evaluationdatasettext", "pk": 419, "fields": {"evaluationdataset": 3, "prompt_text": "Attack against the tree line .", "num_turns": 1}}, {"model": "orm.evaluationdatasettext", "pk": 420, "fields": {"evaluationdataset": 3, "prompt_text": "God !", "num_turns": 1}}, {"model": "orm.evaluationdatasettext", "pk": 421, "fields": {"evaluationdataset": 3, "prompt_text": "I got the latest shit list , gentlemen .", "num_turns": 1}}, {"model": "orm.evaluationdatasettext", "pk": 422, "fields": {"evaluationdataset": 3, "prompt_text": "It is her we are mobilizing to defend .", "num_turns": 1}}, {"model": "orm.evaluationdatasettext", "pk": 423, "fields": {"evaluationdataset": 3, "prompt_text": "Smile for me", "num_turns": 1}}, {"model": "orm.evaluationdatasettext", "pk": 424, "fields": {"evaluationdataset": 3, "prompt_text": "You' re not going anywhere Terkel !", "num_turns": 1}}, {"model": "orm.evaluationdatasettext", "pk": 425, "fields": {"evaluationdataset": 3, "prompt_text": "Naturally Vain ... in the fourth .", "num_turns": 1}}, {"model": "orm.evaluationdatasettext", "pk": 426, "fields": {"evaluationdataset": 3, "prompt_text": "Have you noticed that the human race is divided into two distinct and irreconcilable groups ?", "num_turns": 1}}, {"model": "orm.evaluationdatasettext", "pk": 427, "fields": {"evaluationdataset": 3, "prompt_text": "Malone !", "num_turns": 1}}, {"model": "orm.evaluationdatasettext", "pk": 428, "fields": {"evaluationdataset": 3, "prompt_text": "You ain' t gonna be in here no more than ten minutes .", "num_turns": 1}}, {"model": "orm.evaluationdatasettext", "pk": 429, "fields": {"evaluationdataset": 3, "prompt_text": "Everyone' s working an angle , right ?", "num_turns": 1}}, {"model": "orm.evaluationdatasettext", "pk": 430, "fields": {"evaluationdataset": 3, "prompt_text": "Move faster !", "num_turns": 1}}, {"model": "orm.evaluationdatasettext", "pk": 431, "fields": {"evaluationdataset": 3, "prompt_text": "Who did that ?", "num_turns": 1}}, {"model": "orm.evaluationdatasettext", "pk": 432, "fields": {"evaluationdataset": 3, "prompt_text": "You under arrest , sugar .", "num_turns": 1}}, {"model": "orm.evaluationdatasettext", "pk": 433, "fields": {"evaluationdataset": 3, "prompt_text": "What do you think ?", "num_turns": 1}}, {"model": "orm.evaluationdatasettext", "pk": 434, "fields": {"evaluationdataset": 3, "prompt_text": "Don' t worry , Uncle Jesse .", "num_turns": 1}}, {"model": "orm.evaluationdatasettext", "pk": 435, "fields": {"evaluationdataset": 3, "prompt_text": "I' m sorry , Captain .", "num_turns": 1}}, {"model": "orm.evaluationdatasettext", "pk": 436, "fields": {"evaluationdataset": 3, "prompt_text": "Left with the worst ?", "num_turns": 1}}, {"model": "orm.evaluationdatasettext", "pk": 437, "fields": {"evaluationdataset": 3, "prompt_text": "I' m sure he has a perfectly good reason for taking so long .", "num_turns": 1}}, {"model": "orm.evaluationdatasettext", "pk": 438, "fields": {"evaluationdataset": 3, "prompt_text": "You think I was born this way ?", "num_turns": 1}}, {"model": "orm.evaluationdatasettext", "pk": 439, "fields": {"evaluationdataset": 3, "prompt_text": "You' re kidding .", "num_turns": 1}}, {"model": "orm.evaluationdatasettext", "pk": 440, "fields": {"evaluationdataset": 3, "prompt_text": "Drop the bomb .", "num_turns": 1}}, {"model": "orm.evaluationdatasettext", "pk": 441, "fields": {"evaluationdataset": 3, "prompt_text": "Oh .", "num_turns": 1}}, {"model": "orm.evaluationdatasettext", "pk": 442, "fields": {"evaluationdataset": 3, "prompt_text": "Go ahead .", "num_turns": 1}}, {"model": "orm.evaluationdatasettext", "pk": 443, "fields": {"evaluationdataset": 3, "prompt_text": "My , how they fly", "num_turns": 1}}, {"model": "orm.evaluationdatasettext", "pk": 444, "fields": {"evaluationdataset": 3, "prompt_text": "I got a little drunk on the plane .", "num_turns": 1}}, {"model": "orm.evaluationdatasettext", "pk": 445, "fields": {"evaluationdataset": 3, "prompt_text": "You don' t want to see me dance , .", "num_turns": 1}}, {"model": "orm.evaluationdatasettext", "pk": 446, "fields": {"evaluationdataset": 3, "prompt_text": "Carson .", "num_turns": 1}}, {"model": "orm.evaluationdatasettext", "pk": 447, "fields": {"evaluationdataset": 3, "prompt_text": "And I' m Scott .", "num_turns": 1}}, {"model": "orm.evaluationdatasettext", "pk": 448, "fields": {"evaluationdataset": 3, "prompt_text": "You got to see this .", "num_turns": 1}}, {"model": "orm.evaluationdatasettext", "pk": 449, "fields": {"evaluationdataset": 3, "prompt_text": "I bet she can bite through anything .", "num_turns": 1}}, {"model": "orm.evaluationdatasettext", "pk": 450, "fields": {"evaluationdataset": 3, "prompt_text": "God sent a guardian angel to save me .", "num_turns": 1}}, {"model": "orm.evaluationdatasettext", "pk": 451, "fields": {"evaluationdataset": 3, "prompt_text": "We' re big fans .", "num_turns": 1}}, {"model": "orm.evaluationdatasettext", "pk": 452, "fields": {"evaluationdataset": 3, "prompt_text": "Totally .", "num_turns": 1}}, {"model": "orm.evaluationdatasettext", "pk": 453, "fields": {"evaluationdataset": 3, "prompt_text": "I think you have some intimacy problems , John .", "num_turns": 1}}, {"model": "orm.evaluationdatasettext", "pk": 454, "fields": {"evaluationdataset": 3, "prompt_text": "Who you are", "num_turns": 1}}, {"model": "orm.evaluationdatasettext", "pk": 455, "fields": {"evaluationdataset": 3, "prompt_text": "Well , I did find it .", "num_turns": 1}}, {"model": "orm.evaluationdatasettext", "pk": 456, "fields": {"evaluationdataset": 3, "prompt_text": "Go to her .", "num_turns": 1}}, {"model": "orm.evaluationdatasettext", "pk": 457, "fields": {"evaluationdataset": 3, "prompt_text": "I have all the time in the world .", "num_turns": 1}}, {"model": "orm.evaluationdatasettext", "pk": 458, "fields": {"evaluationdataset": 3, "prompt_text": "Thought you could escape from Captain Swarthy , eh ?", "num_turns": 1}}, {"model": "orm.evaluationdatasettext", "pk": 459, "fields": {"evaluationdataset": 3, "prompt_text": "I went ... and I found her dead .", "num_turns": 1}}, {"model": "orm.evaluationdatasettext", "pk": 460, "fields": {"evaluationdataset": 3, "prompt_text": "Say something .", "num_turns": 1}}, {"model": "orm.evaluationdatasettext", "pk": 461, "fields": {"evaluationdataset": 3, "prompt_text": "Stop twitching .", "num_turns": 1}}, {"model": "orm.evaluationdatasettext", "pk": 462, "fields": {"evaluationdataset": 3, "prompt_text": "I' ve been thinking about this day since I was 12 years old .", "num_turns": 1}}, {"model": "orm.evaluationdatasettext", "pk": 463, "fields": {"evaluationdataset": 3, "prompt_text": "But I couldn' t walk out on Maurice .", "num_turns": 1}}, {"model": "orm.evaluationdatasettext", "pk": 464, "fields": {"evaluationdataset": 3, "prompt_text": "Really do it this time .", "num_turns": 1}}, {"model": "orm.evaluationdatasettext", "pk": 465, "fields": {"evaluationdataset": 3, "prompt_text": "l ' m in your hands .", "num_turns": 1}}, {"model": "orm.evaluationdatasettext", "pk": 466, "fields": {"evaluationdataset": 3, "prompt_text": "41 , 42 .", "num_turns": 1}}, {"model": "orm.evaluationdatasettext", "pk": 467, "fields": {"evaluationdataset": 3, "prompt_text": "Next time you gamble , bet your own life !", "num_turns": 1}}, {"model": "orm.evaluationdatasettext", "pk": 468, "fields": {"evaluationdataset": 3, "prompt_text": "It' s your fault I was even in the limo .", "num_turns": 1}}, {"model": "orm.evaluationdatasettext", "pk": 469, "fields": {"evaluationdataset": 3, "prompt_text": "That' s family .", "num_turns": 1}}, {"model": "orm.evaluationdatasettext", "pk": 470, "fields": {"evaluationdataset": 3, "prompt_text": "Back down there .", "num_turns": 1}}, {"model": "orm.evaluationdatasettext", "pk": 471, "fields": {"evaluationdataset": 3, "prompt_text": "You know what ticks me off more than anything ?", "num_turns": 1}}, {"model": "orm.evaluationdatasettext", "pk": 472, "fields": {"evaluationdataset": 3, "prompt_text": "Sonja .", "num_turns": 1}}, {"model": "orm.evaluationdatasettext", "pk": 473, "fields": {"evaluationdataset": 3, "prompt_text": "They will flee to Helm' s Deep ... ... the great fortress of Rohan .", "num_turns": 1}}, {"model": "orm.evaluationdatasettext", "pk": 474, "fields": {"evaluationdataset": 3, "prompt_text": "Goddamn ...", "num_turns": 1}}, {"model": "orm.evaluationdatasettext", "pk": 475, "fields": {"evaluationdataset": 3, "prompt_text": "You' re different than you were in high school , Peter .", "num_turns": 1}}, {"model": "orm.evaluationdatasettext", "pk": 476, "fields": {"evaluationdataset": 3, "prompt_text": "BARON :", "num_turns": 1}}, {"model": "orm.evaluationdatasettext", "pk": 477, "fields": {"evaluationdataset": 3, "prompt_text": "So , what is he doing here ?", "num_turns": 1}}, {"model": "orm.evaluationdatasettext", "pk": 478, "fields": {"evaluationdataset": 3, "prompt_text": "lf they haven' t cleaned it out yet .", "num_turns": 1}}, {"model": "orm.evaluationdatasettext", "pk": 479, "fields": {"evaluationdataset": 3, "prompt_text": "I guess we just go back .", "num_turns": 1}}, {"model": "orm.evaluationdatasettext", "pk": 480, "fields": {"evaluationdataset": 3, "prompt_text": "Like my heart .", "num_turns": 1}}, {"model": "orm.evaluationdatasettext", "pk": 481, "fields": {"evaluationdataset": 3, "prompt_text": "Toula . Now that' s not a name you hear every day .", "num_turns": 1}}, {"model": "orm.evaluationdatasettext", "pk": 482, "fields": {"evaluationdataset": 3, "prompt_text": "Breathe , baby .", "num_turns": 1}}, {"model": "orm.evaluationdatasettext", "pk": 483, "fields": {"evaluationdataset": 3, "prompt_text": "I didn' t get it .", "num_turns": 1}}, {"model": "orm.evaluationdatasettext", "pk": 484, "fields": {"evaluationdataset": 3, "prompt_text": "The captain hasn' t given his orders yet .", "num_turns": 1}}, {"model": "orm.evaluationdatasettext", "pk": 485, "fields": {"evaluationdataset": 3, "prompt_text": "Get the mask !", "num_turns": 1}}, {"model": "orm.evaluationdatasettext", "pk": 486, "fields": {"evaluationdataset": 3, "prompt_text": "I mean , where' s the attraction ?", "num_turns": 1}}, {"model": "orm.evaluationdatasettext", "pk": 487, "fields": {"evaluationdataset": 3, "prompt_text": "Oh !", "num_turns": 1}}, {"model": "orm.evaluationdatasettext", "pk": 488, "fields": {"evaluationdataset": 3, "prompt_text": "It' s only Powerline , Dad , the biggest rock star on the planet .", "num_turns": 1}}, {"model": "orm.evaluationdatasettext", "pk": 489, "fields": {"evaluationdataset": 3, "prompt_text": "Wouldnt want to miss a photo op .", "num_turns": 1}}, {"model": "orm.evaluationdatasettext", "pk": 490, "fields": {"evaluationdataset": 3, "prompt_text": "Give her a good one !", "num_turns": 1}}, {"model": "orm.evaluationdatasettext", "pk": 491, "fields": {"evaluationdataset": 3, "prompt_text": "Right .", "num_turns": 1}}, {"model": "orm.evaluationdatasettext", "pk": 492, "fields": {"evaluationdataset": 3, "prompt_text": "Are not .", "num_turns": 1}}, {"model": "orm.evaluationdatasettext", "pk": 493, "fields": {"evaluationdataset": 3, "prompt_text": "Your own law decrees it , I' m afraid .", "num_turns": 1}}, {"model": "orm.evaluationdatasettext", "pk": 494, "fields": {"evaluationdataset": 3, "prompt_text": "Bill , thanks for coming .", "num_turns": 1}}, {"model": "orm.evaluationdatasettext", "pk": 495, "fields": {"evaluationdataset": 3, "prompt_text": "For no reason .", "num_turns": 1}}, {"model": "orm.evaluationdatasettext", "pk": 496, "fields": {"evaluationdataset": 3, "prompt_text": "Repent !", "num_turns": 1}}, {"model": "orm.evaluationdatasettext", "pk": 497, "fields": {"evaluationdataset": 3, "prompt_text": "I' m going !", "num_turns": 1}}, {"model": "orm.evaluationdatasettext", "pk": 498, "fields": {"evaluationdataset": 3, "prompt_text": "do I hear someone talking these kids today have no respect", "num_turns": 1}}, {"model": "orm.evaluationdatasettext", "pk": 499, "fields": {"evaluationdataset": 3, "prompt_text": "Did Logan and Jim take care of the woman ?", "num_turns": 1}}, {"model": "orm.evaluationdatasettext", "pk": 500, "fields": {"evaluationdataset": 3, "prompt_text": "Pops .", "num_turns": 1}}, {"model": "orm.evaluationdatasettext", "pk": 501, "fields": {"evaluationdataset": 3, "prompt_text": "I mean , I can' t see .", "num_turns": 1}}, {"model": "orm.evaluationdatasettext", "pk": 502, "fields": {"evaluationdataset": 3, "prompt_text": "And he came back to nothing , but really nothing .", "num_turns": 1}}, {"model": "orm.evaluationdatasettext", "pk": 503, "fields": {"evaluationdataset": 3, "prompt_text": "And ... he asked me one simple question .", "num_turns": 1}}, {"model": "orm.evaluationdatasettext", "pk": 504, "fields": {"evaluationdataset": 3, "prompt_text": "That ' s against the law .", "num_turns": 1}}, {"model": "orm.evaluationdatasettext", "pk": 505, "fields": {"evaluationdataset": 3, "prompt_text": "Dear Mr . Thatch , due to your absence ... .", "num_turns": 1}}, {"model": "orm.evaluationdatasettext", "pk": 506, "fields": {"evaluationdataset": 3, "prompt_text": "And I ride a bike because I like to .", "num_turns": 1}}, {"model": "orm.evaluationdatasettext", "pk": 507, "fields": {"evaluationdataset": 3, "prompt_text": "You wanna fuck with my family ?", "num_turns": 1}}, {"model": "orm.evaluationdatasettext", "pk": 508, "fields": {"evaluationdataset": 3, "prompt_text": "A lot is kicking Foxy .", "num_turns": 1}}, {"model": "orm.evaluationdatasettext", "pk": 509, "fields": {"evaluationdataset": 3, "prompt_text": "I' il have that cigarette , Ed .", "num_turns": 1}}, {"model": "orm.evaluationdatasettext", "pk": 510, "fields": {"evaluationdataset": 3, "prompt_text": "You should never look back .", "num_turns": 1}}, {"model": "orm.evaluationdatasettext", "pk": 511, "fields": {"evaluationdataset": 3, "prompt_text": "Look who' s here", "num_turns": 1}}, {"model": "orm.evaluationdatasettext", "pk": 512, "fields": {"evaluationdataset": 3, "prompt_text": "I Don' T Know", "num_turns": 1}}, {"model": "orm.evaluationdatasettext", "pk": 513, "fields": {"evaluationdataset": 3, "prompt_text": "No .", "num_turns": 1}}, {"model": "orm.evaluationdatasettext", "pk": 514, "fields": {"evaluationdataset": 3, "prompt_text": "Esmarelda , what is it you want to know ?", "num_turns": 1}}, {"model": "orm.evaluationdatasettext", "pk": 515, "fields": {"evaluationdataset": 3, "prompt_text": "Ooh .", "num_turns": 1}}, {"model": "orm.evaluationdatasettext", "pk": 516, "fields": {"evaluationdataset": 3, "prompt_text": "Unh !", "num_turns": 1}}, {"model": "orm.evaluationdatasettext", "pk": 517, "fields": {"evaluationdataset": 3, "prompt_text": "Probably to tell us about the new little war God who will be conceived tonight !", "num_turns": 1}}, {"model": "orm.evaluationdatasettext", "pk": 518, "fields": {"evaluationdataset": 3, "prompt_text": "Don' t worry , Pa .", "num_turns": 1}}, {"model": "orm.evaluationdatasettext", "pk": 519, "fields": {"evaluationdataset": 3, "prompt_text": "I' m sorry , Ev .", "num_turns": 1}}, {"model": "orm.evaluationdatasettext", "pk": 520, "fields": {"evaluationdataset": 3, "prompt_text": "What ?", "num_turns": 1}}, {"model": "orm.evaluationdatasettext", "pk": 521, "fields": {"evaluationdataset": 3, "prompt_text": "Uh huh . ls that a portfolio ?", "num_turns": 1}}, {"model": "orm.evaluationdatasettext", "pk": 522, "fields": {"evaluationdataset": 3, "prompt_text": "Excuse me .", "num_turns": 1}}, {"model": "orm.evaluationdatasettext", "pk": 523, "fields": {"evaluationdataset": 3, "prompt_text": "You guys having fun ?", "num_turns": 1}}, {"model": "orm.evaluationdatasettext", "pk": 524, "fields": {"evaluationdataset": 3, "prompt_text": "All right , let' s finish this deal .", "num_turns": 1}}, {"model": "orm.evaluationdatasettext", "pk": 525, "fields": {"evaluationdataset": 3, "prompt_text": "I hope I never disappoint you again .", "num_turns": 1}}, {"model": "orm.evaluationdatasettext", "pk": 526, "fields": {"evaluationdataset": 3, "prompt_text": "There' s a fog .", "num_turns": 1}}, {"model": "orm.evaluationdatasettext", "pk": 527, "fields": {"evaluationdataset": 3, "prompt_text": "Yeah , well ... you were right about what the lady bartender said .", "num_turns": 1}}, {"model": "orm.evaluationdatasettext", "pk": 528, "fields": {"evaluationdataset": 3, "prompt_text": "Lorenzo , shut the fuck up and do something useful .", "num_turns": 1}}, {"model": "orm.evaluationdatasettext", "pk": 529, "fields": {"evaluationdataset": 3, "prompt_text": "No , I know , but I promised the guy and it' s ...", "num_turns": 1}}, {"model": "orm.evaluationdatasettext", "pk": 530, "fields": {"evaluationdataset": 3, "prompt_text": "If the video is really a fake one , then who is one who made this senseless stuff ?", "num_turns": 1}}, {"model": "orm.evaluationdatasettext", "pk": 531, "fields": {"evaluationdataset": 3, "prompt_text": "Come on .", "num_turns": 1}}, {"model": "orm.evaluationdatasettext", "pk": 532, "fields": {"evaluationdataset": 3, "prompt_text": "Well , then I guess I' il be back before the fight .", "num_turns": 1}}, {"model": "orm.evaluationdatasettext", "pk": 533, "fields": {"evaluationdataset": 3, "prompt_text": "Kapellmeister ?", "num_turns": 1}}, {"model": "orm.evaluationdatasettext", "pk": 534, "fields": {"evaluationdataset": 3, "prompt_text": "How about medical school ?", "num_turns": 1}}, {"model": "orm.evaluationdatasettext", "pk": 535, "fields": {"evaluationdataset": 3, "prompt_text": "Just a little tired .", "num_turns": 1}}, {"model": "orm.evaluationdatasettext", "pk": 536, "fields": {"evaluationdataset": 3, "prompt_text": "Azumi !", "num_turns": 1}}, {"model": "orm.evaluationdatasettext", "pk": 537, "fields": {"evaluationdataset": 3, "prompt_text": "So .", "num_turns": 1}}, {"model": "orm.evaluationdatasettext", "pk": 538, "fields": {"evaluationdataset": 3, "prompt_text": "Well , let' s see it then .", "num_turns": 1}}, {"model": "orm.evaluationdatasettext", "pk": 539, "fields": {"evaluationdataset": 3, "prompt_text": "Would you like me to get coffee and a doughnut ?", "num_turns": 1}}, {"model": "orm.evaluationdatasettext", "pk": 540, "fields": {"evaluationdataset": 3, "prompt_text": "We tried .", "num_turns": 1}}, {"model": "orm.evaluationdatasettext", "pk": 541, "fields": {"evaluationdataset": 3, "prompt_text": "Call me among the blessed .", "num_turns": 1}}, {"model": "orm.evaluationdatasettext", "pk": 542, "fields": {"evaluationdataset": 3, "prompt_text": "Please .", "num_turns": 1}}, {"model": "orm.evaluationdatasettext", "pk": 543, "fields": {"evaluationdataset": 3, "prompt_text": "Director of Laboratories .", "num_turns": 1}}, {"model": "orm.evaluationdatasettext", "pk": 544, "fields": {"evaluationdataset": 3, "prompt_text": "The Balkans peace council is comprised or composed of ten members ?", "num_turns": 1}}, {"model": "orm.evaluationdatasettext", "pk": 545, "fields": {"evaluationdataset": 3, "prompt_text": "Simon ?", "num_turns": 1}}, {"model": "orm.evaluationdatasettext", "pk": 546, "fields": {"evaluationdataset": 3, "prompt_text": "In that case , they must have been petty and narrow minded", "num_turns": 1}}, {"model": "orm.evaluationdatasettext", "pk": 547, "fields": {"evaluationdataset": 3, "prompt_text": "Watch he doesn' t head bash you , he' il snap your legs .", "num_turns": 1}}, {"model": "orm.evaluationdatasettext", "pk": 548, "fields": {"evaluationdataset": 3, "prompt_text": "And then , do you know what happened ?", "num_turns": 1}}, {"model": "orm.evaluationdatasettext", "pk": 549, "fields": {"evaluationdataset": 3, "prompt_text": "We gotta go to the police .", "num_turns": 1}}, {"model": "orm.evaluationdatasettext", "pk": 550, "fields": {"evaluationdataset": 3, "prompt_text": "Excuse me .", "num_turns": 1}}, {"model": "orm.evaluationdatasettext", "pk": 551, "fields": {"evaluationdataset": 3, "prompt_text": "Where are you ?", "num_turns": 1}}, {"model": "orm.evaluationdatasettext", "pk": 552, "fields": {"evaluationdataset": 3, "prompt_text": "I want all facts and figures by 0700 tomorrow .", "num_turns": 1}}, {"model": "orm.evaluationdatasettext", "pk": 553, "fields": {"evaluationdataset": 3, "prompt_text": "What' s this ?", "num_turns": 1}}, {"model": "orm.evaluationdatasettext", "pk": 554, "fields": {"evaluationdataset": 3, "prompt_text": "And don' t call me Daddy !", "num_turns": 1}}, {"model": "orm.evaluationdatasettext", "pk": 555, "fields": {"evaluationdataset": 3, "prompt_text": "Dad , they ran over Buckley .", "num_turns": 1}}, {"model": "orm.evaluationdatasettext", "pk": 556, "fields": {"evaluationdataset": 3, "prompt_text": "All right , when you get back to New York , we' il discuss it .", "num_turns": 1}}, {"model": "orm.evaluationdatasettext", "pk": 557, "fields": {"evaluationdataset": 3, "prompt_text": "We' re gonna lose this war .", "num_turns": 1}}, {"model": "orm.evaluationdatasettext", "pk": 558, "fields": {"evaluationdataset": 3, "prompt_text": ". . success ?", "num_turns": 1}}, {"model": "orm.evaluationdatasettext", "pk": 559, "fields": {"evaluationdataset": 3, "prompt_text": "This girlfriend of yours ... is too ordinary for you .", "num_turns": 1}}, {"model": "orm.evaluationdatasettext", "pk": 560, "fields": {"evaluationdataset": 3, "prompt_text": "Somebody !", "num_turns": 1}}, {"model": "orm.evaluationdatasettext", "pk": 561, "fields": {"evaluationdataset": 3, "prompt_text": "Stay down !", "num_turns": 1}}, {"model": "orm.evaluationdatasettext", "pk": 562, "fields": {"evaluationdataset": 3, "prompt_text": "You think you can pass me around to your friends ?", "num_turns": 1}}, {"model": "orm.evaluationdatasettext", "pk": 563, "fields": {"evaluationdataset": 3, "prompt_text": "Beat' s me .", "num_turns": 1}}, {"model": "orm.evaluationdatasettext", "pk": 564, "fields": {"evaluationdataset": 3, "prompt_text": "... one must do the wrong thing .", "num_turns": 1}}, {"model": "orm.evaluationdatasettext", "pk": 565, "fields": {"evaluationdataset": 3, "prompt_text": "I think .", "num_turns": 1}}, {"model": "orm.evaluationdatasettext", "pk": 566, "fields": {"evaluationdataset": 3, "prompt_text": "Aurelie Miller You failed the exam .", "num_turns": 1}}, {"model": "orm.evaluationdatasettext", "pk": 567, "fields": {"evaluationdataset": 3, "prompt_text": "Laughs", "num_turns": 1}}, {"model": "orm.evaluationdatasettext", "pk": 568, "fields": {"evaluationdataset": 3, "prompt_text": "Okay ?", "num_turns": 1}}, {"model": "orm.evaluationdatasettext", "pk": 569, "fields": {"evaluationdataset": 3, "prompt_text": "Okay , all right .", "num_turns": 1}}, {"model": "orm.evaluationdatasettext", "pk": 570, "fields": {"evaluationdataset": 3, "prompt_text": "Car should be able to back up , Frankie .", "num_turns": 1}}, {"model": "orm.evaluationdatasettext", "pk": 571, "fields": {"evaluationdataset": 3, "prompt_text": "Many , many , many fuckin ' years of therapy .", "num_turns": 1}}, {"model": "orm.evaluationdatasettext", "pk": 572, "fields": {"evaluationdataset": 3, "prompt_text": "Kriemhild !", "num_turns": 1}}, {"model": "orm.evaluationdatasettext", "pk": 573, "fields": {"evaluationdataset": 3, "prompt_text": "Is ...", "num_turns": 1}}, {"model": "orm.evaluationdatasettext", "pk": 574, "fields": {"evaluationdataset": 3, "prompt_text": "Glorious love and Pain' s poisonous arrows", "num_turns": 1}}, {"model": "orm.evaluationdatasettext", "pk": 575, "fields": {"evaluationdataset": 3, "prompt_text": "Uh ...", "num_turns": 1}}, {"model": "orm.evaluationdatasettext", "pk": 576, "fields": {"evaluationdataset": 3, "prompt_text": "At the restaurant I beat up the bathroom .", "num_turns": 1}}, {"model": "orm.evaluationdatasettext", "pk": 577, "fields": {"evaluationdataset": 3, "prompt_text": "What are you ?", "num_turns": 1}}, {"model": "orm.evaluationdatasettext", "pk": 578, "fields": {"evaluationdataset": 3, "prompt_text": "Just put me back in the other way .", "num_turns": 1}}, {"model": "orm.evaluationdatasettext", "pk": 579, "fields": {"evaluationdataset": 3, "prompt_text": "Uh , I' m sure all your spaces are filled for tonight .", "num_turns": 1}}, {"model": "orm.evaluationdatasettext", "pk": 580, "fields": {"evaluationdataset": 3, "prompt_text": "Benita Matkudzi ... . . burned to death during a protest rally .", "num_turns": 1}}, {"model": "orm.evaluationdatasettext", "pk": 581, "fields": {"evaluationdataset": 3, "prompt_text": "lnspector Yip , James from the UK .", "num_turns": 1}}, {"model": "orm.evaluationdatasettext", "pk": 582, "fields": {"evaluationdataset": 3, "prompt_text": "All right .", "num_turns": 1}}, {"model": "orm.evaluationdatasettext", "pk": 583, "fields": {"evaluationdataset": 3, "prompt_text": "I' m dead .", "num_turns": 1}}, {"model": "orm.evaluationdatasettext", "pk": 584, "fields": {"evaluationdataset": 3, "prompt_text": "Newport , ' 88 .", "num_turns": 1}}, {"model": "orm.evaluationdatasettext", "pk": 585, "fields": {"evaluationdataset": 3, "prompt_text": "That' s just my style .", "num_turns": 1}}, {"model": "orm.evaluationdatasettext", "pk": 586, "fields": {"evaluationdataset": 3, "prompt_text": "Just leave me out of it .", "num_turns": 1}}, {"model": "orm.evaluationdatasettext", "pk": 587, "fields": {"evaluationdataset": 3, "prompt_text": "So ... one day ...", "num_turns": 1}}, {"model": "orm.evaluationdatasettext", "pk": 588, "fields": {"evaluationdataset": 3, "prompt_text": "Buzzing", "num_turns": 1}}, {"model": "orm.evaluationdatasettext", "pk": 589, "fields": {"evaluationdataset": 3, "prompt_text": "We should have some music .", "num_turns": 1}}, {"model": "orm.evaluationdatasettext", "pk": 590, "fields": {"evaluationdataset": 3, "prompt_text": "So ...", "num_turns": 1}}, {"model": "orm.evaluationdatasettext", "pk": 591, "fields": {"evaluationdataset": 3, "prompt_text": "Complete .", "num_turns": 1}}, {"model": "orm.evaluationdatasettext", "pk": 592, "fields": {"evaluationdataset": 3, "prompt_text": "I' il kill Arthur .", "num_turns": 1}}, {"model": "orm.evaluationdatasettext", "pk": 593, "fields": {"evaluationdataset": 3, "prompt_text": "Look , fellas ...", "num_turns": 1}}, {"model": "orm.evaluationdatasettext", "pk": 594, "fields": {"evaluationdataset": 3, "prompt_text": "Thanks .", "num_turns": 1}}, {"model": "orm.evaluationdatasettext", "pk": 595, "fields": {"evaluationdataset": 3, "prompt_text": "Why don' t you buy it ?", "num_turns": 1}}, {"model": "orm.evaluationdatasettext", "pk": 596, "fields": {"evaluationdataset": 3, "prompt_text": "Chip .", "num_turns": 1}}, {"model": "orm.evaluationdatasettext", "pk": 597, "fields": {"evaluationdataset": 3, "prompt_text": "No .", "num_turns": 1}}, {"model": "orm.evaluationdatasettext", "pk": 598, "fields": {"evaluationdataset": 3, "prompt_text": "Brett , give me your pen .", "num_turns": 1}}, {"model": "orm.evaluationdatasettext", "pk": 599, "fields": {"evaluationdataset": 3, "prompt_text": "It' s all over .", "num_turns": 1}}, {"model": "orm.evaluationdatasettext", "pk": 600, "fields": {"evaluationdataset": 3, "prompt_text": "You' il stay down !", "num_turns": 1}}, {"model": "auth.permission", "pk": 1, "fields": {"name": "Can add permission", "content_type": 1, "codename": "add_permission"}}, {"model": "auth.permission", "pk": 2, "fields": {"name": "Can change permission", "content_type": 1, "codename": "change_permission"}}, {"model": "auth.permission", "pk": 3, "fields": {"name": "Can delete permission", "content_type": 1, "codename": "delete_permission"}}, {"model": "auth.permission", "pk": 4, "fields": {"name": "Can add group", "content_type": 2, "codename": "add_group"}}, {"model": "auth.permission", "pk": 5, "fields": {"name": "Can change group", "content_type": 2, "codename": "change_group"}}, {"model": "auth.permission", "pk": 6, "fields": {"name": "Can delete group", "content_type": 2, "codename": "delete_group"}}, {"model": "auth.permission", "pk": 7, "fields": {"name": "Can add user", "content_type": 3, "codename": "add_user"}}, {"model": "auth.permission", "pk": 8, "fields": {"name": "Can change user", "content_type": 3, "codename": "change_user"}}, {"model": "auth.permission", "pk": 9, "fields": {"name": "Can delete user", "content_type": 3, "codename": "delete_user"}}, {"model": "auth.permission", "pk": 10, "fields": {"name": "Can add content type", "content_type": 4, "codename": "add_contenttype"}}, {"model": "auth.permission", "pk": 11, "fields": {"name": "Can change content type", "content_type": 4, "codename": "change_contenttype"}}, {"model": "auth.permission", "pk": 12, "fields": {"name": "Can delete content type", "content_type": 4, "codename": "delete_contenttype"}}, {"model": "auth.permission", "pk": 13, "fields": {"name": "Can add author", "content_type": 5, "codename": "add_author"}}, {"model": "auth.permission", "pk": 14, "fields": {"name": "Can change author", "content_type": 5, "codename": "change_author"}}, {"model": "auth.permission", "pk": 15, "fields": {"name": "Can delete author", "content_type": 5, "codename": "delete_author"}}, {"model": "auth.permission", "pk": 16, "fields": {"name": "Can add automatic evaluation", "content_type": 6, "codename": "add_automaticevaluation"}}, {"model": "auth.permission", "pk": 17, "fields": {"name": "Can change automatic evaluation", "content_type": 6, "codename": "change_automaticevaluation"}}, {"model": "auth.permission", "pk": 18, "fields": {"name": "Can delete automatic evaluation", "content_type": 6, "codename": "delete_automaticevaluation"}}, {"model": "auth.permission", "pk": 19, "fields": {"name": "Can add evaluation dataset", "content_type": 7, "codename": "add_evaluationdataset"}}, {"model": "auth.permission", "pk": 20, "fields": {"name": "Can change evaluation dataset", "content_type": 7, "codename": "change_evaluationdataset"}}, {"model": "auth.permission", "pk": 21, "fields": {"name": "Can delete evaluation dataset", "content_type": 7, "codename": "delete_evaluationdataset"}}, {"model": "auth.permission", "pk": 22, "fields": {"name": "Can add evaluation dataset text", "content_type": 8, "codename": "add_evaluationdatasettext"}}, {"model": "auth.permission", "pk": 23, "fields": {"name": "Can change evaluation dataset text", "content_type": 8, "codename": "change_evaluationdatasettext"}}, {"model": "auth.permission", "pk": 24, "fields": {"name": "Can delete evaluation dataset text", "content_type": 8, "codename": "delete_evaluationdatasettext"}}, {"model": "auth.permission", "pk": 25, "fields": {"name": "Can add human evaluations", "content_type": 9, "codename": "add_humanevaluations"}}, {"model": "auth.permission", "pk": 26, "fields": {"name": "Can change human evaluations", "content_type": 9, "codename": "change_humanevaluations"}}, {"model": "auth.permission", "pk": 27, "fields": {"name": "Can delete human evaluations", "content_type": 9, "codename": "delete_humanevaluations"}}, {"model": "auth.permission", "pk": 28, "fields": {"name": "Can add human evaluations ab comparison", "content_type": 10, "codename": "add_humanevaluationsabcomparison"}}, {"model": "auth.permission", "pk": 29, "fields": {"name": "Can change human evaluations ab comparison", "content_type": 10, "codename": "change_humanevaluationsabcomparison"}}, {"model": "auth.permission", "pk": 30, "fields": {"name": "Can delete human evaluations ab comparison", "content_type": 10, "codename": "delete_humanevaluationsabcomparison"}}, {"model": "auth.permission", "pk": 31, "fields": {"name": "Can add metric", "content_type": 11, "codename": "add_metric"}}, {"model": "auth.permission", "pk": 32, "fields": {"name": "Can change metric", "content_type": 11, "codename": "change_metric"}}, {"model": "auth.permission", "pk": 33, "fields": {"name": "Can delete metric", "content_type": 11, "codename": "delete_metric"}}, {"model": "auth.permission", "pk": 34, "fields": {"name": "Can add model", "content_type": 12, "codename": "add_model"}}, {"model": "auth.permission", "pk": 35, "fields": {"name": "Can change model", "content_type": 12, "codename": "change_model"}}, {"model": "auth.permission", "pk": 36, "fields": {"name": "Can delete model", "content_type": 12, "codename": "delete_model"}}, {"model": "auth.permission", "pk": 37, "fields": {"name": "Can add model response", "content_type": 13, "codename": "add_modelresponse"}}, {"model": "auth.permission", "pk": 38, "fields": {"name": "Can change model response", "content_type": 13, "codename": "change_modelresponse"}}, {"model": "auth.permission", "pk": 39, "fields": {"name": "Can delete model response", "content_type": 13, "codename": "delete_modelresponse"}}, {"model": "auth.permission", "pk": 40, "fields": {"name": "Can add model submission", "content_type": 14, "codename": "add_modelsubmission"}}, {"model": "auth.permission", "pk": 41, "fields": {"name": "Can change model submission", "content_type": 14, "codename": "change_modelsubmission"}}, {"model": "auth.permission", "pk": 42, "fields": {"name": "Can delete model submission", "content_type": 14, "codename": "delete_modelsubmission"}}, {"model": "auth.permission", "pk": 43, "fields": {"name": "Can add log entry", "content_type": 15, "codename": "add_logentry"}}, {"model": "auth.permission", "pk": 44, "fields": {"name": "Can change log entry", "content_type": 15, "codename": "change_logentry"}}, {"model": "auth.permission", "pk": 45, "fields": {"name": "Can delete log entry", "content_type": 15, "codename": "delete_logentry"}}, {"model": "auth.permission", "pk": 46, "fields": {"name": "Can add session", "content_type": 16, "codename": "add_session"}}, {"model": "auth.permission", "pk": 47, "fields": {"name": "Can change session", "content_type": 16, "codename": "change_session"}}, {"model": "auth.permission", "pk": 48, "fields": {"name": "Can delete session", "content_type": 16, "codename": "delete_session"}}, {"model": "auth.user", "pk": 1, "fields": {"password": "pbkdf2_sha256$100000$cV9sEKUh1OE7$/bP0b2UOGnrm+wzczJDS8M4WBjo1Qgbf04p+Oc7H1+4=", "last_login": "2018-09-20T22:17:09.433Z", "is_superuser": true, "username": "root", "first_name": "", "last_name": "", "email": "chatevalteam@gmail.com", "is_staff": true, "is_active": true, "date_joined": "2018-09-20T22:16:32.477Z", "groups": [], "user_permissions": []}}, {"model": "orm.author", "pk": 1, "fields": {"name": "The ChatEval Team", "email": "chatevalteam@gmail.com", "institution": "Penn"}}, {"model": "admin.logentry", "pk": 1, "fields": {"action_time": "2018-09-20T22:17:35.188Z", "user": 1, "content_type": 5, "object_id": "1", "object_repr": "Author object (1)", "action_flag": 1, "change_message": "[{\"added\": {}}]"}}, {"model": "admin.logentry", "pk": 2, "fields": {"action_time": "2018-09-20T22:19:06.789Z", "user": 1, "content_type": 7, "object_id": "1", "object_repr": "EvaluationDataset object (1)", "action_flag": 1, "change_message": "[{\"added\": {}}]"}}, {"model": "admin.logentry", "pk": 3, "fields": {"action_time": "2018-09-20T22:20:25.379Z", "user": 1, "content_type": 7, "object_id": "2", "object_repr": "EvaluationDataset object (2)", "action_flag": 1, "change_message": "[{\"added\": {}}]"}}, {"model": "admin.logentry", "pk": 4, "fields": {"action_time": "2018-09-20T22:21:23.403Z", "user": 1, "content_type": 7, "object_id": "3", "object_repr": "EvaluationDataset object (3)", "action_flag": 1, "change_message": "[{\"added\": {}}]"}}]